gfx,cu_num,M,N,K,libtype,kernelId,splitK,us,kernelName,tflops,bw,errRatio
gfx950,256,8192,5120,5120,ck,0,0,261.397,a8w8_blockscale_bpreshuffle_1x128x128_256x128x128x128_16x16_16x16_8x32x1_8x32x1_1x32x1x8_8_2x1_intrawave_v3,1643.08,581.66,0.0
gfx950,256,8192,5120,5120,cktile,0,0,646.4246,a8w8_blockscale_cktile_16x128x256_1x4x1_16x16x128_intrawave_0x1x0_1,664.42,235.21,0.0
gfx950,256,8192,5120,5120,asm,0,1,676.1657,_ZN5aiter42fp8gemm_bf16_blockscale_BpreShuffle_32x128E,635.19,224.86,0.0
gfx950,256,8192,5120,5120,ck,1,0,292.2436,a8w8_blockscale_bpreshuffle_1x128x128_256x64x128x128_16x16_16x16_8x32x1_8x32x1_1x32x1x8_8_2x1_intrawave_v3,1469.65,520.26,0.0
gfx950,256,8192,5120,5120,cktile,1,0,655.4041,a8w8_blockscale_cktile_16x128x256_1x4x1_16x16x128_intrawave_0x1x0_2,655.32,231.98,0.0
gfx950,256,8192,5120,5120,asm,1,1,482.8451,_ZN5aiter42fp8gemm_bf16_blockscale_BpreShuffle_48x128E,889.51,314.89,0.0
gfx950,256,8192,5120,5120,ck,2,0,367.7901,a8w8_blockscale_bpreshuffle_1x128x128_256x64x64x128_16x16_16x16_8x32x1_8x32x1_1x32x1x8_8_2x1_intrawave_v3,1167.78,413.4,0.0
gfx950,256,8192,5120,5120,cktile,2,0,653.7134,a8w8_blockscale_cktile_16x128x256_1x4x1_16x16x64_intrawave_0x1x0_1,657.01,232.58,0.0
gfx950,256,8192,5120,5120,asm,2,1,397.7871,_ZN5aiter42fp8gemm_bf16_blockscale_BpreShuffle_64x128E,1079.72,382.22,0.0
gfx950,256,8192,5120,5120,ck,3,0,650.336,a8w8_blockscale_bpreshuffle_1x128x128_256x16x256x128_8x16_16x16_16x16x1_8x32x1_1x16x1x16_8_1x2_intrawave_v1,660.42,233.79,0.0
gfx950,256,8192,5120,5120,cktile,3,0,647.9138,a8w8_blockscale_cktile_16x128x256_1x4x1_16x16x64_intrawave_0x1x0_2,662.89,234.67,0.0
gfx950,256,8192,5120,5120,asm,3,1,357.1009,_ZN5aiter42fp8gemm_bf16_blockscale_BpreShuffle_80x128E,1202.73,425.77,0.0
gfx950,256,8192,5120,5120,ck,4,0,675.7725,a8w8_blockscale_bpreshuffle_1x128x128_256x16x128x128_8x16_16x16_16x16x1_8x32x1_1x16x1x16_8_1x2_intrawave_v1,635.56,224.99,0.0
gfx950,256,8192,5120,5120,cktile,4,0,470.8568,a8w8_blockscale_cktile_32x128x128_1x4x1_16x16x128_intrawave_0x1x0_1,912.16,322.91,0.0
gfx950,256,8192,5120,5120,asm,4,1,342.6628,_ZN5aiter42fp8gemm_bf16_blockscale_BpreShuffle_96x128E,1253.41,443.71,0.0
gfx950,256,8192,5120,5120,ck,5,0,774.5219,a8w8_blockscale_bpreshuffle_1x128x128_256x16x64x128_8x16_16x16_16x16x1_8x32x1_1x16x1x16_4_1x1_intrawave_v1,554.53,196.31,0.0
gfx950,256,8192,5120,5120,cktile,5,0,445.0978,a8w8_blockscale_cktile_32x128x128_1x4x1_16x16x128_intrawave_0x1x0_2,964.95,341.6,0.0
gfx950,256,8192,5120,5120,asm,5,1,320.6534,_ZN5aiter43fp8gemm_bf16_blockscale_BpreShuffle_128x128E,1339.44,474.17,0.0
gfx950,256,8192,5120,5120,ck,6,0,629.7478,a8w8_blockscale_bpreshuffle_1x128x128_256x16x128x256_16x16_16x16_16x16x1_16x16x1_1x16x1x16_8_1x2_intrawave_v1,682.01,241.44,0.0
gfx950,256,8192,5120,5120,cktile,6,0,472.6495,a8w8_blockscale_cktile_32x128x128_1x4x1_16x16x64_intrawave_0x1x0_1,908.7,321.68,0.0
gfx950,256,8192,5120,5120,ck,7,0,727.4824,a8w8_blockscale_bpreshuffle_1x128x128_256x16x64x256_16x16_16x16_16x16x1_16x16x1_1x16x1x16_4_1x1_intrawave_v1,590.39,209.0,0.0
gfx950,256,8192,5120,5120,cktile,7,0,467.2122,a8w8_blockscale_cktile_32x128x128_1x4x1_16x16x64_intrawave_0x1x0_2,919.28,325.43,0.0
gfx950,256,8192,5120,5120,ck,8,0,360.1036,a8w8_blockscale_bpreshuffle_1x128x128_256x32x256x128_16x16_16x16_8x32x1_8x32x1_1x32x1x8_8_2x1_intrawave_v1,1192.7,422.22,0.0
gfx950,256,8192,5120,5120,cktile,8,0,718.756,a8w8_blockscale_cktile_128x128x128_1x4x1_16x16x128_intrawave_0x1x0_1,597.56,211.54,0.0
gfx950,256,8192,5120,5120,ck,9,0,398.6369,a8w8_blockscale_bpreshuffle_1x128x128_256x32x128x128_16x16_16x16_8x32x1_8x32x1_1x32x1x8_8_2x1_intrawave_v1,1077.41,381.41,0.0
gfx950,256,8192,5120,5120,cktile,9,0,718.3434,a8w8_blockscale_cktile_128x128x128_1x4x1_16x16x128_intrawave_0x1x0_1,597.9,211.66,0.0
gfx950,256,8192,5120,5120,ck,10,0,473.9045,a8w8_blockscale_bpreshuffle_1x128x128_256x32x64x128_16x16_16x16_8x32x1_8x32x1_1x32x1x8_8_2x1_intrawave_v1,906.29,320.83,0.0
gfx950,256,8192,5120,5120,cktile,10,0,401.89,a8w8_blockscale_cktile_128x128x128_2x2x1_16x16x128_intrawave_0x1x0_2,1068.69,378.32,0.0
gfx950,256,8192,5120,5120,ck,11,0,384.7232,a8w8_blockscale_bpreshuffle_1x128x128_256x32x128x256_16x16_16x16_16x16x1_16x16x1_1x32x1x8_8_2x1_intrawave_v1,1116.38,395.2,0.0
gfx950,256,8192,5120,5120,cktile,11,0,224.7354,a8w8_blockscale_cktile_192x256x128_4x2x1_16x16x128_intrawave_0x1x0_1,1911.12,676.54,0.0
gfx950,256,8192,5120,5120,ck,12,0,477.4437,a8w8_blockscale_bpreshuffle_1x128x128_256x32x64x256_16x16_16x16_16x16x1_16x16x1_1x32x1x8_8_2x1_intrawave_v1,899.58,318.45,0.0
gfx950,256,8192,5120,5120,cktile,12,0,290.9541,a8w8_blockscale_cktile_192x256x128_4x2x1_16x16x128_intrawave_0x1x0_1_aqrm,1476.17,522.57,0.9329
gfx950,256,8192,5120,5120,ck,13,0,273.8141,a8w8_blockscale_bpreshuffle_1x128x128_256x64x256x128_16x16_16x16_8x32x1_8x32x1_1x32x1x8_8_2x1_intrawave_v1,1568.57,555.28,0.0
gfx950,256,8192,5120,5120,cktile,13,0,654.9203,a8w8_blockscale_cktile_16x128x256_1x4x1_16x16x128_intrawave_0x1x0_3,655.8,232.16,0.0
gfx950,256,8192,5120,5120,ck,14,0,287.9547,a8w8_blockscale_bpreshuffle_1x128x128_256x64x128x128_16x16_16x16_8x32x1_8x32x1_1x32x1x8_8_2x1_intrawave_v1,1491.54,528.01,0.0
gfx950,256,8192,5120,5120,cktile,14,0,919.0036,a8w8_blockscale_cktile_16x128x256_1x4x1_16x16x128_intrawave_0x1x0_4,467.35,165.44,0.0
gfx950,256,8192,5120,5120,ck,15,0,363.0962,a8w8_blockscale_bpreshuffle_1x128x128_256x64x64x128_16x16_16x16_8x32x1_8x32x1_1x32x1x8_8_2x1_intrawave_v1,1182.87,418.74,0.0
gfx950,256,8192,5120,5120,cktile,15,0,645.2848,a8w8_blockscale_cktile_16x128x256_1x4x1_16x16x64_intrawave_0x1x0_3,665.59,235.62,0.0
gfx950,256,8192,5120,5120,ck,16,0,308.8601,a8w8_blockscale_bpreshuffle_1x128x128_256x64x128x256_16x16_16x16_16x16x1_16x16x1_1x32x1x8_8_2x1_intrawave_v1,1390.59,492.27,0.0
gfx950,256,8192,5120,5120,cktile,16,0,626.872,a8w8_blockscale_cktile_16x128x256_1x4x1_16x16x64_intrawave_0x1x0_4,685.14,242.54,0.0
gfx950,256,8192,5120,5120,ck,17,0,394.7761,a8w8_blockscale_bpreshuffle_1x128x128_256x64x64x256_16x16_16x16_16x16x1_16x16x1_1x32x1x8_8_2x1_intrawave_v1,1087.95,385.14,0.0
gfx950,256,8192,5120,5120,cktile,17,0,444.2724,a8w8_blockscale_cktile_32x128x128_1x4x1_16x16x128_intrawave_0x1x0_3,966.74,342.23,0.0
gfx950,256,8192,5120,5120,cktile,18,0,444.1388,a8w8_blockscale_cktile_32x128x128_1x4x1_16x16x128_intrawave_0x1x0_4,967.03,342.33,0.0
gfx950,256,8192,5120,5120,cktile,19,0,463.6878,a8w8_blockscale_cktile_32x128x128_1x4x1_16x16x64_intrawave_0x1x0_3,926.26,327.9,0.0
gfx950,256,8192,5120,5120,cktile,20,0,462.9529,a8w8_blockscale_cktile_32x128x128_1x4x1_16x16x64_intrawave_0x1x0_4,927.73,328.42,0.0
gfx950,256,8192,5120,5120,cktile,21,0,519.9517,a8w8_blockscale_cktile_128x128x128_1x4x1_16x16x128_intrawave_0x1x0_2,826.03,292.42,0.0
gfx950,256,8192,5120,5120,cktile,22,0,2388.4714,a8w8_blockscale_cktile_128x128x128_1x4x1_16x16x128_intrawave_0x1x0_3,179.82,63.66,0.0
gfx950,256,8192,5120,5120,cktile,23,0,3202.4517,a8w8_blockscale_cktile_128x128x128_1x4x1_16x16x128_intrawave_0x1x0_4,134.11,47.48,0.0
gfx950,256,8192,5120,5120,cktile,24,0,407.5187,a8w8_blockscale_cktile_128x128x128_2x2x1_16x16x128_intrawave_0x1x0_1,1053.93,373.1,0.0
gfx950,256,8192,5120,5120,cktile,25,0,2072.7585,a8w8_blockscale_cktile_128x128x128_2x2x1_16x16x128_intrawave_0x1x0_3,207.21,73.35,0.0
gfx950,256,8192,5120,5120,cktile,26,0,3334.1546,a8w8_blockscale_cktile_128x128x128_2x2x1_16x16x128_intrawave_0x1x0_4,128.82,45.6,0.0
gfx950,256,8192,5120,5120,cktile,27,0,226.0098,a8w8_blockscale_cktile_192x256x128_4x2x1_16x16x128_intrawave_0x1x0_2,1900.35,672.73,0.0
gfx950,256,8192,5120,5120,cktile,28,0,225.84,a8w8_blockscale_cktile_192x256x128_4x2x1_16x16x128_intrawave_0x1x0_3,1901.77,673.24,0.0
gfx950,256,8192,5120,5120,cktile,29,0,224.949,a8w8_blockscale_cktile_192x256x128_4x2x1_16x16x128_intrawave_0x1x0_4,1909.31,675.9,0.0
gfx950,256,8192,5120,5120,cktile,30,0,291.3467,a8w8_blockscale_cktile_192x256x128_4x2x1_16x16x128_intrawave_0x1x0_2_aqrm,1474.18,521.86,0.9329
gfx950,256,8192,5120,5120,cktile,31,0,291.6754,a8w8_blockscale_cktile_192x256x128_4x2x1_16x16x128_intrawave_0x1x0_3_aqrm,1472.52,521.28,0.9329
gfx950,256,8192,5120,5120,cktile,32,0,290.0604,a8w8_blockscale_cktile_192x256x128_4x2x1_16x16x128_intrawave_0x1x0_4_aqrm,1480.71,524.18,0.9329
gfx950,256,8192,5120,17408,ck,0,0,774.6218,a8w8_blockscale_bpreshuffle_1x128x128_256x128x128x128_16x16_16x16_8x32x1_8x32x1_1x32x1x8_8_2x1_intrawave_v3,1885.16,407.45,0.0
gfx950,256,8192,5120,17408,cktile,0,0,2274.1864,a8w8_blockscale_cktile_16x128x256_1x4x1_16x16x128_intrawave_0x1x0_1,642.11,138.78,0.0
gfx950,256,8192,5120,17408,asm,0,1,2414.7916,_ZN5aiter42fp8gemm_bf16_blockscale_BpreShuffle_32x128E,604.73,130.7,0.0
gfx950,256,8192,5120,17408,ck,1,0,933.4011,a8w8_blockscale_bpreshuffle_1x128x128_256x64x128x128_16x16_16x16_8x32x1_8x32x1_1x32x1x8_8_2x1_intrawave_v3,1564.48,338.14,0.0
gfx950,256,8192,5120,17408,cktile,1,0,2292.8672,a8w8_blockscale_cktile_16x128x256_1x4x1_16x16x128_intrawave_0x1x0_2,636.88,137.65,0.0
gfx950,256,8192,5120,17408,asm,1,1,1584.8521,_ZN5aiter42fp8gemm_bf16_blockscale_BpreShuffle_48x128E,921.4,199.15,0.0
gfx950,256,8192,5120,17408,ck,2,0,1188.8136,a8w8_blockscale_bpreshuffle_1x128x128_256x64x64x128_16x16_16x16_8x32x1_8x32x1_1x32x1x8_8_2x1_intrawave_v3,1228.36,265.49,0.0
gfx950,256,8192,5120,17408,cktile,2,0,2282.7874,a8w8_blockscale_cktile_16x128x256_1x4x1_16x16x64_intrawave_0x1x0_1,639.7,138.26,0.0
gfx950,256,8192,5120,17408,asm,2,1,1315.2376,_ZN5aiter42fp8gemm_bf16_blockscale_BpreShuffle_64x128E,1110.29,239.97,0.0
gfx950,256,8192,5120,17408,ck,3,0,4548.2076,a8w8_blockscale_bpreshuffle_1x128x128_256x16x256x128_8x16_16x16_16x16x1_8x32x1_1x16x1x16_8_1x2_intrawave_v1,321.07,69.39,0.0
gfx950,256,8192,5120,17408,cktile,3,0,2219.0581,a8w8_blockscale_cktile_16x128x256_1x4x1_16x16x64_intrawave_0x1x0_2,658.07,142.23,0.0
gfx950,256,8192,5120,17408,asm,3,1,1234.6128,_ZN5aiter42fp8gemm_bf16_blockscale_BpreShuffle_80x128E,1182.79,255.64,0.0
gfx950,256,8192,5120,17408,ck,4,0,2322.8529,a8w8_blockscale_bpreshuffle_1x128x128_256x16x128x128_8x16_16x16_16x16x1_8x32x1_1x16x1x16_8_1x2_intrawave_v1,628.66,135.88,0.0
gfx950,256,8192,5120,17408,cktile,4,0,1838.787,a8w8_blockscale_cktile_32x128x128_1x4x1_16x16x128_intrawave_0x1x0_1,794.16,171.65,0.0
gfx950,256,8192,5120,17408,asm,4,1,1089.2346,_ZN5aiter42fp8gemm_bf16_blockscale_BpreShuffle_96x128E,1340.66,289.76,0.0
gfx950,256,8192,5120,17408,ck,5,0,2629.0254,a8w8_blockscale_bpreshuffle_1x128x128_256x16x64x128_8x16_16x16_16x16x1_8x32x1_1x16x1x16_4_1x1_intrawave_v1,555.45,120.05,0.0
gfx950,256,8192,5120,17408,cktile,5,0,1788.041,a8w8_blockscale_cktile_32x128x128_1x4x1_16x16x128_intrawave_0x1x0_2,816.7,176.52,0.0
gfx950,256,8192,5120,17408,asm,5,1,927.6331,_ZN5aiter43fp8gemm_bf16_blockscale_BpreShuffle_128x128E,1574.21,340.24,0.0
gfx950,256,8192,5120,17408,ck,6,0,3529.123,a8w8_blockscale_bpreshuffle_1x128x128_256x16x128x256_16x16_16x16_16x16x1_16x16x1_1x16x1x16_8_1x2_intrawave_v1,413.78,89.43,0.0
gfx950,256,8192,5120,17408,cktile,6,0,1538.8093,a8w8_blockscale_cktile_32x128x128_1x4x1_16x16x64_intrawave_0x1x0_1,948.97,205.11,0.0
gfx950,256,8192,5120,17408,ck,7,0,2496.1566,a8w8_blockscale_bpreshuffle_1x128x128_256x16x64x256_16x16_16x16_16x16x1_16x16x1_1x16x1x16_4_1x1_intrawave_v1,585.01,126.44,0.0
gfx950,256,8192,5120,17408,cktile,7,0,1523.2629,a8w8_blockscale_cktile_32x128x128_1x4x1_16x16x64_intrawave_0x1x0_2,958.66,207.2,0.0
gfx950,256,8192,5120,17408,ck,8,0,1941.6878,a8w8_blockscale_bpreshuffle_1x128x128_256x32x256x128_16x16_16x16_8x32x1_8x32x1_1x32x1x8_8_2x1_intrawave_v1,752.07,162.55,0.0
gfx950,256,8192,5120,17408,cktile,8,0,2415.8926,a8w8_blockscale_cktile_128x128x128_1x4x1_16x16x128_intrawave_0x1x0_1,604.45,130.64,0.0
gfx950,256,8192,5120,17408,ck,9,0,1287.8198,a8w8_blockscale_bpreshuffle_1x128x128_256x32x128x128_16x16_16x16_8x32x1_8x32x1_1x32x1x8_8_2x1_intrawave_v1,1133.92,245.08,0.0
gfx950,256,8192,5120,17408,cktile,9,0,2417.0851,a8w8_blockscale_cktile_128x128x128_1x4x1_16x16x128_intrawave_0x1x0_1,604.15,130.58,0.0
gfx950,256,8192,5120,17408,ck,10,0,1576.6817,a8w8_blockscale_bpreshuffle_1x128x128_256x32x64x128_16x16_16x16_8x32x1_8x32x1_1x32x1x8_8_2x1_intrawave_v1,926.18,200.18,0.0
gfx950,256,8192,5120,17408,cktile,10,0,1357.4628,a8w8_blockscale_cktile_128x128x128_2x2x1_16x16x128_intrawave_0x1x0_2,1075.75,232.51,0.0
gfx950,256,8192,5120,17408,ck,11,0,1269.4256,a8w8_blockscale_bpreshuffle_1x128x128_256x32x128x256_16x16_16x16_16x16x1_16x16x1_1x32x1x8_8_2x1_intrawave_v1,1150.35,248.63,0.0
gfx950,256,8192,5120,17408,cktile,11,0,696.2937,a8w8_blockscale_cktile_192x256x128_4x2x1_16x16x128_intrawave_0x1x0_1,2097.23,453.29,0.0
gfx950,256,8192,5120,17408,ck,12,0,1561.1744,a8w8_blockscale_bpreshuffle_1x128x128_256x32x64x256_16x16_16x16_16x16x1_16x16x1_1x32x1x8_8_2x1_intrawave_v1,935.38,202.17,0.0
gfx950,256,8192,5120,17408,cktile,12,0,904.3219,a8w8_blockscale_cktile_192x256x128_4x2x1_16x16x128_intrawave_0x1x0_1_aqrm,1614.79,349.01,0.905
gfx950,256,8192,5120,17408,ck,13,0,838.7361,a8w8_blockscale_bpreshuffle_1x128x128_256x64x256x128_16x16_16x16_8x32x1_8x32x1_1x32x1x8_8_2x1_intrawave_v1,1741.06,376.31,0.0
gfx950,256,8192,5120,17408,cktile,13,0,2292.7086,a8w8_blockscale_cktile_16x128x256_1x4x1_16x16x128_intrawave_0x1x0_3,636.93,137.66,0.0
gfx950,256,8192,5120,17408,ck,14,0,887.8107,a8w8_blockscale_bpreshuffle_1x128x128_256x64x128x128_16x16_16x16_8x32x1_8x32x1_1x32x1x8_8_2x1_intrawave_v1,1644.82,355.51,0.0
gfx950,256,8192,5120,17408,cktile,14,0,4353.1745,a8w8_blockscale_cktile_16x128x256_1x4x1_16x16x128_intrawave_0x1x0_4,335.45,72.5,0.0
gfx950,256,8192,5120,17408,ck,15,0,1158.0217,a8w8_blockscale_bpreshuffle_1x128x128_256x64x64x128_16x16_16x16_8x32x1_8x32x1_1x32x1x8_8_2x1_intrawave_v1,1261.02,272.55,0.0
gfx950,256,8192,5120,17408,cktile,15,0,2219.8043,a8w8_blockscale_cktile_16x128x256_1x4x1_16x16x64_intrawave_0x1x0_3,657.85,142.18,0.0
gfx950,256,8192,5120,17408,ck,16,0,995.3852,a8w8_blockscale_bpreshuffle_1x128x128_256x64x128x256_16x16_16x16_16x16x1_16x16x1_1x32x1x8_8_2x1_intrawave_v1,1467.06,317.08,0.0
gfx950,256,8192,5120,17408,cktile,16,0,2223.4617,a8w8_blockscale_cktile_16x128x256_1x4x1_16x16x64_intrawave_0x1x0_4,656.76,141.95,0.0
gfx950,256,8192,5120,17408,ck,17,0,1203.5667,a8w8_blockscale_bpreshuffle_1x128x128_256x64x64x256_16x16_16x16_16x16x1_16x16x1_1x32x1x8_8_2x1_intrawave_v1,1213.3,262.24,0.0
gfx950,256,8192,5120,17408,cktile,17,0,1790.5361,a8w8_blockscale_cktile_32x128x128_1x4x1_16x16x128_intrawave_0x1x0_3,815.56,176.27,0.0
gfx950,256,8192,5120,17408,cktile,18,0,1793.7213,a8w8_blockscale_cktile_32x128x128_1x4x1_16x16x128_intrawave_0x1x0_4,814.11,175.96,0.0
gfx950,256,8192,5120,17408,cktile,19,0,1522.9542,a8w8_blockscale_cktile_32x128x128_1x4x1_16x16x64_intrawave_0x1x0_3,958.85,207.24,0.0
gfx950,256,8192,5120,17408,cktile,20,0,1522.6674,a8w8_blockscale_cktile_32x128x128_1x4x1_16x16x64_intrawave_0x1x0_4,959.03,207.28,0.0
gfx950,256,8192,5120,17408,cktile,21,0,1751.4195,a8w8_blockscale_cktile_128x128x128_1x4x1_16x16x128_intrawave_0x1x0_2,833.77,180.21,0.0
gfx950,256,8192,5120,17408,cktile,22,0,8218.7104,a8w8_blockscale_cktile_128x128x128_1x4x1_16x16x128_intrawave_0x1x0_3,177.68,38.4,0.0
gfx950,256,8192,5120,17408,cktile,23,0,11364.4302,a8w8_blockscale_cktile_128x128x128_1x4x1_16x16x128_intrawave_0x1x0_4,128.5,27.77,0.0
gfx950,256,8192,5120,17408,cktile,24,0,1363.6197,a8w8_blockscale_cktile_128x128x128_2x2x1_16x16x128_intrawave_0x1x0_1,1070.89,231.46,0.0
gfx950,256,8192,5120,17408,cktile,25,0,7108.4506,a8w8_blockscale_cktile_128x128x128_2x2x1_16x16x128_intrawave_0x1x0_3,205.43,44.4,0.0
gfx950,256,8192,5120,17408,cktile,26,0,11838.8101,a8w8_blockscale_cktile_128x128x128_2x2x1_16x16x128_intrawave_0x1x0_4,123.35,26.66,0.0
gfx950,256,8192,5120,17408,cktile,27,0,695.2825,a8w8_blockscale_cktile_192x256x128_4x2x1_16x16x128_intrawave_0x1x0_2,2100.28,453.95,0.0
gfx950,256,8192,5120,17408,cktile,28,0,694.901,a8w8_blockscale_cktile_192x256x128_4x2x1_16x16x128_intrawave_0x1x0_3,2101.43,454.2,0.0
gfx950,256,8192,5120,17408,cktile,29,0,695.9082,a8w8_blockscale_cktile_192x256x128_4x2x1_16x16x128_intrawave_0x1x0_4,2098.39,453.54,0.0
gfx950,256,8192,5120,17408,cktile,30,0,904.9666,a8w8_blockscale_cktile_192x256x128_4x2x1_16x16x128_intrawave_0x1x0_2_aqrm,1613.64,348.77,0.905
gfx950,256,8192,5120,17408,cktile,31,0,905.1917,a8w8_blockscale_cktile_192x256x128_4x2x1_16x16x128_intrawave_0x1x0_3_aqrm,1613.24,348.68,0.905
gfx950,256,8192,5120,17408,cktile,32,0,903.9437,a8w8_blockscale_cktile_192x256x128_4x2x1_16x16x128_intrawave_0x1x0_4_aqrm,1615.46,349.16,0.905
gfx950,256,8192,7168,5120,ck,0,0,360.829,a8w8_blockscale_bpreshuffle_1x128x128_256x128x128x128_16x16_16x16_8x32x1_8x32x1_1x32x1x8_8_2x1_intrawave_v3,1666.43,543.43,0.0
gfx950,256,8192,7168,5120,cktile,0,0,933.8013,a8w8_blockscale_cktile_16x128x256_1x4x1_16x16x128_intrawave_0x1x0_1,643.92,209.98,0.0
gfx950,256,8192,7168,5120,asm,0,1,969.8777,_ZN5aiter42fp8gemm_bf16_blockscale_BpreShuffle_32x128E,619.97,202.17,0.0
gfx950,256,8192,7168,5120,ck,1,0,390.0239,a8w8_blockscale_bpreshuffle_1x128x128_256x64x128x128_16x16_16x16_8x32x1_8x32x1_1x32x1x8_8_2x1_intrawave_v3,1541.69,502.75,0.0
gfx950,256,8192,7168,5120,cktile,1,0,946.7309,a8w8_blockscale_cktile_16x128x256_1x4x1_16x16x128_intrawave_0x1x0_2,635.13,207.12,0.0
gfx950,256,8192,7168,5120,asm,1,1,686.2014,_ZN5aiter42fp8gemm_bf16_blockscale_BpreShuffle_48x128E,876.27,285.75,0.0
gfx950,256,8192,7168,5120,ck,2,0,499.8055,a8w8_blockscale_bpreshuffle_1x128x128_256x64x64x128_16x16_16x16_8x32x1_8x32x1_1x32x1x8_8_2x1_intrawave_v3,1203.06,392.32,0.0
gfx950,256,8192,7168,5120,cktile,2,0,943.1033,a8w8_blockscale_cktile_16x128x256_1x4x1_16x16x64_intrawave_0x1x0_1,637.57,207.91,0.0
gfx950,256,8192,7168,5120,asm,2,1,553.7092,_ZN5aiter42fp8gemm_bf16_blockscale_BpreShuffle_64x128E,1085.94,354.13,0.0
gfx950,256,8192,7168,5120,ck,3,0,1035.0529,a8w8_blockscale_bpreshuffle_1x128x128_256x16x256x128_8x16_16x16_16x16x1_8x32x1_1x16x1x16_8_1x2_intrawave_v1,580.93,189.44,0.0
gfx950,256,8192,7168,5120,cktile,3,0,927.5938,a8w8_blockscale_cktile_16x128x256_1x4x1_16x16x64_intrawave_0x1x0_2,648.23,211.39,0.0
gfx950,256,8192,7168,5120,asm,3,1,495.3176,_ZN5aiter42fp8gemm_bf16_blockscale_BpreShuffle_80x128E,1213.96,395.87,0.0
gfx950,256,8192,7168,5120,ck,4,0,929.6311,a8w8_blockscale_bpreshuffle_1x128x128_256x16x128x128_8x16_16x16_16x16x1_8x32x1_1x16x1x16_8_1x2_intrawave_v1,646.81,210.93,0.0
gfx950,256,8192,7168,5120,cktile,4,0,652.6976,a8w8_blockscale_cktile_32x128x128_1x4x1_16x16x128_intrawave_0x1x0_1,921.25,300.42,0.0
gfx950,256,8192,7168,5120,asm,4,1,471.6829,_ZN5aiter42fp8gemm_bf16_blockscale_BpreShuffle_96x128E,1274.79,415.71,0.0
gfx950,256,8192,7168,5120,ck,5,0,1067.0789,a8w8_blockscale_bpreshuffle_1x128x128_256x16x64x128_8x16_16x16_16x16x1_8x32x1_1x16x1x16_4_1x1_intrawave_v1,563.5,183.76,0.0
gfx950,256,8192,7168,5120,cktile,5,0,611.5174,a8w8_blockscale_cktile_32x128x128_1x4x1_16x16x128_intrawave_0x1x0_2,983.28,320.65,0.0
gfx950,256,8192,7168,5120,asm,5,1,442.7621,_ZN5aiter43fp8gemm_bf16_blockscale_BpreShuffle_128x128E,1358.06,442.86,0.0
gfx950,256,8192,7168,5120,ck,6,0,867.6125,a8w8_blockscale_bpreshuffle_1x128x128_256x16x128x256_16x16_16x16_16x16x1_16x16x1_1x16x1x16_8_1x2_intrawave_v1,693.05,226.0,0.0
gfx950,256,8192,7168,5120,cktile,6,0,645.4102,a8w8_blockscale_cktile_32x128x128_1x4x1_16x16x64_intrawave_0x1x0_1,931.65,303.81,0.0
gfx950,256,8192,7168,5120,ck,7,0,1006.371,a8w8_blockscale_bpreshuffle_1x128x128_256x16x64x256_16x16_16x16_16x16x1_16x16x1_1x16x1x16_4_1x1_intrawave_v1,597.49,194.84,0.0
gfx950,256,8192,7168,5120,cktile,7,0,642.2285,a8w8_blockscale_cktile_32x128x128_1x4x1_16x16x64_intrawave_0x1x0_2,936.26,305.32,0.0
gfx950,256,8192,7168,5120,ck,8,0,489.4951,a8w8_blockscale_bpreshuffle_1x128x128_256x32x256x128_16x16_16x16_8x32x1_8x32x1_1x32x1x8_8_2x1_intrawave_v1,1228.4,400.58,0.0
gfx950,256,8192,7168,5120,cktile,8,0,995.198,a8w8_blockscale_cktile_128x128x128_1x4x1_16x16x128_intrawave_0x1x0_1,604.2,197.03,0.0
gfx950,256,8192,7168,5120,ck,9,0,532.3291,a8w8_blockscale_bpreshuffle_1x128x128_256x32x128x128_16x16_16x16_8x32x1_8x32x1_1x32x1x8_8_2x1_intrawave_v1,1129.56,368.35,0.0
gfx950,256,8192,7168,5120,cktile,9,0,995.426,a8w8_blockscale_cktile_128x128x128_1x4x1_16x16x128_intrawave_0x1x0_1,604.06,196.98,0.0
gfx950,256,8192,7168,5120,ck,10,0,645.415,a8w8_blockscale_bpreshuffle_1x128x128_256x32x64x128_16x16_16x16_8x32x1_8x32x1_1x32x1x8_8_2x1_intrawave_v1,931.64,303.81,0.0
gfx950,256,8192,7168,5120,cktile,10,0,546.0983,a8w8_blockscale_cktile_128x128x128_2x2x1_16x16x128_intrawave_0x1x0_2,1101.08,359.06,0.0
gfx950,256,8192,7168,5120,ck,11,0,530.4422,a8w8_blockscale_bpreshuffle_1x128x128_256x32x128x256_16x16_16x16_16x16x1_16x16x1_1x32x1x8_8_2x1_intrawave_v1,1133.57,369.66,0.0
gfx950,256,8192,7168,5120,cktile,11,0,286.6895,a8w8_blockscale_cktile_192x256x128_4x2x1_16x16x128_intrawave_0x1x0_1,2097.38,683.96,0.0
gfx950,256,8192,7168,5120,ck,12,0,635.6468,a8w8_blockscale_bpreshuffle_1x128x128_256x32x64x256_16x16_16x16_16x16x1_16x16x1_1x32x1x8_8_2x1_intrawave_v1,945.96,308.48,0.0
gfx950,256,8192,7168,5120,cktile,12,0,366.0253,a8w8_blockscale_cktile_192x256x128_4x2x1_16x16x128_intrawave_0x1x0_1_aqrm,1642.77,535.71,0.9323
gfx950,256,8192,7168,5120,ck,13,0,363.5198,a8w8_blockscale_bpreshuffle_1x128x128_256x64x256x128_16x16_16x16_8x32x1_8x32x1_1x32x1x8_8_2x1_intrawave_v1,1654.09,539.4,0.0
gfx950,256,8192,7168,5120,cktile,13,0,946.2509,a8w8_blockscale_cktile_16x128x256_1x4x1_16x16x128_intrawave_0x1x0_3,635.45,207.22,0.0
gfx950,256,8192,7168,5120,ck,14,0,391.0697,a8w8_blockscale_bpreshuffle_1x128x128_256x64x128x128_16x16_16x16_8x32x1_8x32x1_1x32x1x8_8_2x1_intrawave_v1,1537.57,501.4,0.0
gfx950,256,8192,7168,5120,cktile,14,0,1344.1912,a8w8_blockscale_cktile_16x128x256_1x4x1_16x16x128_intrawave_0x1x0_4,447.33,145.87,0.0
gfx950,256,8192,7168,5120,ck,15,0,494.6865,a8w8_blockscale_bpreshuffle_1x128x128_256x64x64x128_16x16_16x16_8x32x1_8x32x1_1x32x1x8_8_2x1_intrawave_v1,1215.51,396.38,0.0
gfx950,256,8192,7168,5120,cktile,15,0,928.8371,a8w8_blockscale_cktile_16x128x256_1x4x1_16x16x64_intrawave_0x1x0_3,647.36,211.11,0.0
gfx950,256,8192,7168,5120,ck,16,0,421.9176,a8w8_blockscale_bpreshuffle_1x128x128_256x64x128x256_16x16_16x16_16x16x1_16x16x1_1x32x1x8_8_2x1_intrawave_v1,1425.15,464.74,0.0
gfx950,256,8192,7168,5120,cktile,16,0,893.7151,a8w8_blockscale_cktile_16x128x256_1x4x1_16x16x64_intrawave_0x1x0_4,672.8,219.4,0.0
gfx950,256,8192,7168,5120,ck,17,0,535.6384,a8w8_blockscale_bpreshuffle_1x128x128_256x64x64x256_16x16_16x16_16x16x1_16x16x1_1x32x1x8_8_2x1_intrawave_v1,1122.58,366.07,0.0
gfx950,256,8192,7168,5120,cktile,17,0,613.9236,a8w8_blockscale_cktile_32x128x128_1x4x1_16x16x128_intrawave_0x1x0_3,979.43,319.39,0.0
gfx950,256,8192,7168,5120,cktile,18,0,614.1826,a8w8_blockscale_cktile_32x128x128_1x4x1_16x16x128_intrawave_0x1x0_4,979.02,319.26,0.0
gfx950,256,8192,7168,5120,cktile,19,0,642.7866,a8w8_blockscale_cktile_32x128x128_1x4x1_16x16x64_intrawave_0x1x0_3,935.45,305.05,0.0
gfx950,256,8192,7168,5120,cktile,20,0,642.5851,a8w8_blockscale_cktile_32x128x128_1x4x1_16x16x64_intrawave_0x1x0_4,935.74,305.15,0.0
gfx950,256,8192,7168,5120,cktile,21,0,714.4446,a8w8_blockscale_cktile_128x128x128_1x4x1_16x16x128_intrawave_0x1x0_2,841.63,274.46,0.0
gfx950,256,8192,7168,5120,cktile,22,0,3180.2414,a8w8_blockscale_cktile_128x128x128_1x4x1_16x16x128_intrawave_0x1x0_3,189.07,61.66,0.0
gfx950,256,8192,7168,5120,cktile,23,0,4812.075,a8w8_blockscale_cktile_128x128x128_1x4x1_16x16x128_intrawave_0x1x0_4,124.96,40.75,0.0
gfx950,256,8192,7168,5120,cktile,24,0,552.7239,a8w8_blockscale_cktile_128x128x128_2x2x1_16x16x128_intrawave_0x1x0_1,1087.88,354.76,0.0
gfx950,256,8192,7168,5120,cktile,25,0,2729.0153,a8w8_blockscale_cktile_128x128x128_2x2x1_16x16x128_intrawave_0x1x0_3,220.33,71.85,0.0
gfx950,256,8192,7168,5120,cktile,26,0,4542.4789,a8w8_blockscale_cktile_128x128x128_2x2x1_16x16x128_intrawave_0x1x0_4,132.37,43.17,0.0
gfx950,256,8192,7168,5120,cktile,27,0,289.6747,a8w8_blockscale_cktile_192x256x128_4x2x1_16x16x128_intrawave_0x1x0_2,2075.76,676.91,0.0
gfx950,256,8192,7168,5120,cktile,28,0,286.2784,a8w8_blockscale_cktile_192x256x128_4x2x1_16x16x128_intrawave_0x1x0_3,2100.39,684.94,0.0
gfx950,256,8192,7168,5120,cktile,29,0,288.3368,a8w8_blockscale_cktile_192x256x128_4x2x1_16x16x128_intrawave_0x1x0_4,2085.39,680.05,0.0
gfx950,256,8192,7168,5120,cktile,30,0,362.1605,a8w8_blockscale_cktile_192x256x128_4x2x1_16x16x128_intrawave_0x1x0_2_aqrm,1660.3,541.43,0.9323
gfx950,256,8192,7168,5120,cktile,31,0,364.5909,a8w8_blockscale_cktile_192x256x128_4x2x1_16x16x128_intrawave_0x1x0_3_aqrm,1649.23,537.82,0.9323
gfx950,256,8192,7168,5120,cktile,32,0,368.2899,a8w8_blockscale_cktile_192x256x128_4x2x1_16x16x128_intrawave_0x1x0_4_aqrm,1632.67,532.42,0.9323
gfx950,256,8192,34816,5120,ck,0,0,1701.9724,a8w8_blockscale_bpreshuffle_1x128x128_256x128x128x128_16x16_16x16_8x32x1_8x32x1_1x32x1x8_8_2x1_intrawave_v3,1716.0,464.54,0.0
gfx950,256,8192,34816,5120,cktile,0,0,12311.6925,a8w8_blockscale_cktile_16x128x256_1x4x1_16x16x128_intrawave_0x1x0_1,237.22,64.22,0.0
gfx950,256,8192,34816,5120,asm,0,1,6250.3469,_ZN5aiter42fp8gemm_bf16_blockscale_BpreShuffle_32x128E,467.27,126.49,0.0
gfx950,256,8192,34816,5120,ck,1,0,1887.8777,a8w8_blockscale_bpreshuffle_1x128x128_256x64x128x128_16x16_16x16_8x32x1_8x32x1_1x32x1x8_8_2x1_intrawave_v3,1547.02,418.79,0.0
gfx950,256,8192,34816,5120,cktile,1,0,12286.6175,a8w8_blockscale_cktile_16x128x256_1x4x1_16x16x128_intrawave_0x1x0_2,237.7,64.35,0.0
gfx950,256,8192,34816,5120,asm,1,1,4330.3374,_ZN5aiter42fp8gemm_bf16_blockscale_BpreShuffle_48x128E,674.45,182.58,0.0
gfx950,256,8192,34816,5120,ck,2,0,2436.5157,a8w8_blockscale_bpreshuffle_1x128x128_256x64x64x128_16x16_16x16_8x32x1_8x32x1_1x32x1x8_8_2x1_intrawave_v3,1198.67,324.49,0.0
gfx950,256,8192,34816,5120,cktile,2,0,12349.6664,a8w8_blockscale_cktile_16x128x256_1x4x1_16x16x64_intrawave_0x1x0_1,236.49,64.02,0.0
gfx950,256,8192,34816,5120,asm,2,1,3384.6027,_ZN5aiter42fp8gemm_bf16_blockscale_BpreShuffle_64x128E,862.9,233.6,0.0
gfx950,256,8192,34816,5120,ck,3,0,4636.8297,a8w8_blockscale_bpreshuffle_1x128x128_256x16x256x128_8x16_16x16_16x16x1_8x32x1_1x16x1x16_8_1x2_intrawave_v1,629.87,170.51,0.0
gfx950,256,8192,34816,5120,cktile,3,0,12256.2958,a8w8_blockscale_cktile_16x128x256_1x4x1_16x16x64_intrawave_0x1x0_2,238.29,64.51,0.0
gfx950,256,8192,34816,5120,asm,3,1,2856.0078,_ZN5aiter42fp8gemm_bf16_blockscale_BpreShuffle_80x128E,1022.61,276.83,0.0
gfx950,256,8192,34816,5120,ck,4,0,4355.8218,a8w8_blockscale_bpreshuffle_1x128x128_256x16x128x128_8x16_16x16_16x16x1_8x32x1_1x16x1x16_8_1x2_intrawave_v1,670.5,181.51,0.0
gfx950,256,8192,34816,5120,cktile,4,0,5833.8921,a8w8_blockscale_cktile_32x128x128_1x4x1_16x16x128_intrawave_0x1x0_1,500.62,135.52,0.0
gfx950,256,8192,34816,5120,asm,4,1,2513.2106,_ZN5aiter42fp8gemm_bf16_blockscale_BpreShuffle_96x128E,1162.09,314.59,0.0
gfx950,256,8192,34816,5120,ck,5,0,5006.4939,a8w8_blockscale_bpreshuffle_1x128x128_256x16x64x128_8x16_16x16_16x16x1_8x32x1_1x16x1x16_4_1x1_intrawave_v1,583.36,157.92,0.0
gfx950,256,8192,34816,5120,cktile,5,0,5902.3467,a8w8_blockscale_cktile_32x128x128_1x4x1_16x16x128_intrawave_0x1x0_2,494.82,133.95,0.0
gfx950,256,8192,34816,5120,asm,5,1,2139.1727,_ZN5aiter43fp8gemm_bf16_blockscale_BpreShuffle_128x128E,1365.28,369.59,0.0
gfx950,256,8192,34816,5120,ck,6,0,4110.2426,a8w8_blockscale_bpreshuffle_1x128x128_256x16x128x256_16x16_16x16_16x16x1_16x16x1_1x16x1x16_8_1x2_intrawave_v1,710.56,192.36,0.0
gfx950,256,8192,34816,5120,cktile,6,0,5961.2597,a8w8_blockscale_cktile_32x128x128_1x4x1_16x16x64_intrawave_0x1x0_1,489.93,132.63,0.0
gfx950,256,8192,34816,5120,ck,7,0,4766.8227,a8w8_blockscale_bpreshuffle_1x128x128_256x16x64x256_16x16_16x16_16x16x1_16x16x1_1x16x1x16_4_1x1_intrawave_v1,612.69,165.86,0.0
gfx950,256,8192,34816,5120,cktile,7,0,6022.2899,a8w8_blockscale_cktile_32x128x128_1x4x1_16x16x64_intrawave_0x1x0_2,484.96,131.28,0.0
gfx950,256,8192,34816,5120,ck,8,0,2351.1934,a8w8_blockscale_bpreshuffle_1x128x128_256x32x256x128_16x16_16x16_8x32x1_8x32x1_1x32x1x8_8_2x1_intrawave_v1,1242.17,336.27,0.0
gfx950,256,8192,34816,5120,cktile,8,0,4848.4713,a8w8_blockscale_cktile_128x128x128_1x4x1_16x16x128_intrawave_0x1x0_1,602.37,163.07,0.0
gfx950,256,8192,34816,5120,ck,9,0,2514.5605,a8w8_blockscale_bpreshuffle_1x128x128_256x32x128x128_16x16_16x16_8x32x1_8x32x1_1x32x1x8_8_2x1_intrawave_v1,1161.47,314.42,0.0
gfx950,256,8192,34816,5120,cktile,9,0,4846.8263,a8w8_blockscale_cktile_128x128x128_1x4x1_16x16x128_intrawave_0x1x0_1,602.58,163.12,0.0
gfx950,256,8192,34816,5120,ck,10,0,3064.6233,a8w8_blockscale_bpreshuffle_1x128x128_256x32x64x128_16x16_16x16_8x32x1_8x32x1_1x32x1x8_8_2x1_intrawave_v1,953.0,257.98,0.0
gfx950,256,8192,34816,5120,cktile,10,0,2729.1029,a8w8_blockscale_cktile_128x128x128_2x2x1_16x16x128_intrawave_0x1x0_2,1070.16,289.7,0.0
gfx950,256,8192,34816,5120,ck,11,0,2510.5085,a8w8_blockscale_bpreshuffle_1x128x128_256x32x128x256_16x16_16x16_16x16x1_16x16x1_1x32x1x8_8_2x1_intrawave_v1,1163.34,314.93,0.0
gfx950,256,8192,34816,5120,cktile,11,0,1308.6428,a8w8_blockscale_cktile_192x256x128_4x2x1_16x16x128_intrawave_0x1x0_1,2231.76,604.16,0.0
gfx950,256,8192,34816,5120,ck,12,0,3077.1869,a8w8_blockscale_bpreshuffle_1x128x128_256x32x64x256_16x16_16x16_16x16x1_16x16x1_1x32x1x8_8_2x1_intrawave_v1,949.11,256.93,0.0
gfx950,256,8192,34816,5120,cktile,12,0,1627.3714,a8w8_blockscale_cktile_192x256x128_4x2x1_16x16x128_intrawave_0x1x0_1_aqrm,1794.66,485.83,0.9316
gfx950,256,8192,34816,5120,ck,13,0,1706.8091,a8w8_blockscale_bpreshuffle_1x128x128_256x64x256x128_16x16_16x16_8x32x1_8x32x1_1x32x1x8_8_2x1_intrawave_v1,1711.13,463.22,0.0
gfx950,256,8192,34816,5120,cktile,13,0,12282.6265,a8w8_blockscale_cktile_16x128x256_1x4x1_16x16x128_intrawave_0x1x0_3,237.78,64.37,0.0
gfx950,256,8192,34816,5120,ck,14,0,1905.5627,a8w8_blockscale_bpreshuffle_1x128x128_256x64x128x128_16x16_16x16_8x32x1_8x32x1_1x32x1x8_8_2x1_intrawave_v1,1532.66,414.9,0.0
gfx950,256,8192,34816,5120,cktile,14,0,14992.8421,a8w8_blockscale_cktile_16x128x256_1x4x1_16x16x128_intrawave_0x1x0_4,194.8,52.73,0.0
gfx950,256,8192,34816,5120,ck,15,0,2441.4329,a8w8_blockscale_bpreshuffle_1x128x128_256x64x64x128_16x16_16x16_8x32x1_8x32x1_1x32x1x8_8_2x1_intrawave_v1,1196.26,323.84,0.0
gfx950,256,8192,34816,5120,cktile,15,0,12251.9874,a8w8_blockscale_cktile_16x128x256_1x4x1_16x16x64_intrawave_0x1x0_3,238.38,64.53,0.0
gfx950,256,8192,34816,5120,ck,16,0,1997.9792,a8w8_blockscale_bpreshuffle_1x128x128_256x64x128x256_16x16_16x16_16x16x1_16x16x1_1x32x1x8_8_2x1_intrawave_v1,1461.77,395.71,0.0
gfx950,256,8192,34816,5120,cktile,16,0,12173.6048,a8w8_blockscale_cktile_16x128x256_1x4x1_16x16x64_intrawave_0x1x0_4,239.91,64.95,0.0
gfx950,256,8192,34816,5120,ck,17,0,2694.6485,a8w8_blockscale_bpreshuffle_1x128x128_256x64x64x256_16x16_16x16_16x16x1_16x16x1_1x32x1x8_8_2x1_intrawave_v1,1083.84,293.41,0.0
gfx950,256,8192,34816,5120,cktile,17,0,5899.8058,a8w8_blockscale_cktile_32x128x128_1x4x1_16x16x128_intrawave_0x1x0_3,495.03,134.01,0.0
gfx950,256,8192,34816,5120,cktile,18,0,5899.7915,a8w8_blockscale_cktile_32x128x128_1x4x1_16x16x128_intrawave_0x1x0_4,495.03,134.01,0.0
gfx950,256,8192,34816,5120,cktile,19,0,6019.5163,a8w8_blockscale_cktile_32x128x128_1x4x1_16x16x64_intrawave_0x1x0_3,485.18,131.34,0.0
gfx950,256,8192,34816,5120,cktile,20,0,6025.2373,a8w8_blockscale_cktile_32x128x128_1x4x1_16x16x64_intrawave_0x1x0_4,484.72,131.22,0.0
gfx950,256,8192,34816,5120,cktile,21,0,3365.314,a8w8_blockscale_cktile_128x128x128_1x4x1_16x16x128_intrawave_0x1x0_2,867.85,234.93,0.0
gfx950,256,8192,34816,5120,cktile,22,0,15088.4985,a8w8_blockscale_cktile_128x128x128_1x4x1_16x16x128_intrawave_0x1x0_3,193.56,52.4,0.0
gfx950,256,8192,34816,5120,cktile,23,0,23592.4414,a8w8_blockscale_cktile_128x128x128_1x4x1_16x16x128_intrawave_0x1x0_4,123.79,33.51,0.0
gfx950,256,8192,34816,5120,cktile,24,0,2758.7424,a8w8_blockscale_cktile_128x128x128_2x2x1_16x16x128_intrawave_0x1x0_1,1058.66,286.59,0.0
gfx950,256,8192,34816,5120,cktile,25,0,12746.8354,a8w8_blockscale_cktile_128x128x128_2x2x1_16x16x128_intrawave_0x1x0_3,229.12,62.03,0.0
gfx950,256,8192,34816,5120,cktile,26,0,25409.0538,a8w8_blockscale_cktile_128x128x128_2x2x1_16x16x128_intrawave_0x1x0_4,114.94,31.12,0.0
gfx950,256,8192,34816,5120,cktile,27,0,1308.5204,a8w8_blockscale_cktile_192x256x128_4x2x1_16x16x128_intrawave_0x1x0_2,2231.97,604.21,0.0
gfx950,256,8192,34816,5120,cktile,28,0,1310.6503,a8w8_blockscale_cktile_192x256x128_4x2x1_16x16x128_intrawave_0x1x0_3,2228.34,603.23,0.0
gfx950,256,8192,34816,5120,cktile,29,0,1312.6964,a8w8_blockscale_cktile_192x256x128_4x2x1_16x16x128_intrawave_0x1x0_4,2224.87,602.29,0.0
gfx950,256,8192,34816,5120,cktile,30,0,1628.1199,a8w8_blockscale_cktile_192x256x128_4x2x1_16x16x128_intrawave_0x1x0_2_aqrm,1793.83,485.61,0.9316
gfx950,256,8192,34816,5120,cktile,31,0,1623.6636,a8w8_blockscale_cktile_192x256x128_4x2x1_16x16x128_intrawave_0x1x0_3_aqrm,1798.76,486.94,0.9316
gfx950,256,8192,34816,5120,cktile,32,0,1627.2703,a8w8_blockscale_cktile_192x256x128_4x2x1_16x16x128_intrawave_0x1x0_4_aqrm,1794.77,485.86,0.9316
gfx950,256,16384,5120,5120,ck,0,0,497.2475,a8w8_blockscale_bpreshuffle_1x128x128_256x128x128x128_16x16_16x16_8x32x1_8x32x1_1x32x1x8_8_2x1_intrawave_v3,1727.5,558.82,0.0
gfx950,256,16384,5120,5120,cktile,0,0,1275.1498,a8w8_blockscale_cktile_16x128x256_1x4x1_16x16x128_intrawave_0x1x0_1,673.64,217.91,0.0
gfx950,256,16384,5120,5120,asm,0,1,1345.0781,_ZN5aiter42fp8gemm_bf16_blockscale_BpreShuffle_32x128E,638.62,206.58,0.0
gfx950,256,16384,5120,5120,ck,1,0,563.5667,a8w8_blockscale_bpreshuffle_1x128x128_256x64x128x128_16x16_16x16_8x32x1_8x32x1_1x32x1x8_8_2x1_intrawave_v3,1524.21,493.06,0.0
gfx950,256,16384,5120,5120,cktile,1,0,1291.0784,a8w8_blockscale_cktile_16x128x256_1x4x1_16x16x128_intrawave_0x1x0_2,665.33,215.23,0.0
gfx950,256,16384,5120,5120,asm,1,1,953.501,_ZN5aiter42fp8gemm_bf16_blockscale_BpreShuffle_48x128E,900.88,291.42,0.0
gfx950,256,16384,5120,5120,ck,2,0,713.5294,a8w8_blockscale_bpreshuffle_1x128x128_256x64x64x128_16x16_16x16_8x32x1_8x32x1_1x32x1x8_8_2x1_intrawave_v3,1203.87,389.43,0.0
gfx950,256,16384,5120,5120,cktile,2,0,1285.5019,a8w8_blockscale_cktile_16x128x256_1x4x1_16x16x64_intrawave_0x1x0_1,668.22,216.16,0.0
gfx950,256,16384,5120,5120,asm,2,1,776.5505,_ZN5aiter42fp8gemm_bf16_blockscale_BpreShuffle_64x128E,1106.17,357.83,0.0
gfx950,256,16384,5120,5120,ck,3,0,1487.1605,a8w8_blockscale_bpreshuffle_1x128x128_256x16x256x128_8x16_16x16_16x16x1_8x32x1_1x16x1x16_8_1x2_intrawave_v1,577.61,186.85,0.0
gfx950,256,16384,5120,5120,cktile,3,0,1270.7607,a8w8_blockscale_cktile_16x128x256_1x4x1_16x16x64_intrawave_0x1x0_2,675.97,218.67,0.0
gfx950,256,16384,5120,5120,asm,3,1,683.2815,_ZN5aiter42fp8gemm_bf16_blockscale_BpreShuffle_80x128E,1257.16,406.67,0.0
gfx950,256,16384,5120,5120,ck,4,0,1335.7492,a8w8_blockscale_bpreshuffle_1x128x128_256x16x128x128_8x16_16x16_16x16x1_8x32x1_1x16x1x16_8_1x2_intrawave_v1,643.08,208.03,0.0
gfx950,256,16384,5120,5120,cktile,4,0,901.4046,a8w8_blockscale_cktile_32x128x128_1x4x1_16x16x128_intrawave_0x1x0_1,952.95,308.27,0.0
gfx950,256,16384,5120,5120,asm,4,1,645.4953,_ZN5aiter42fp8gemm_bf16_blockscale_BpreShuffle_96x128E,1330.75,430.48,0.0
gfx950,256,16384,5120,5120,ck,5,0,1532.0975,a8w8_blockscale_bpreshuffle_1x128x128_256x16x64x128_8x16_16x16_16x16x1_8x32x1_1x16x1x16_4_1x1_intrawave_v1,560.67,181.37,0.0
gfx950,256,16384,5120,5120,cktile,5,0,850.7586,a8w8_blockscale_cktile_32x128x128_1x4x1_16x16x128_intrawave_0x1x0_2,1009.68,326.62,0.0
gfx950,256,16384,5120,5120,asm,5,1,609.4797,_ZN5aiter43fp8gemm_bf16_blockscale_BpreShuffle_128x128E,1409.39,455.92,0.0
gfx950,256,16384,5120,5120,ck,6,0,1242.5491,a8w8_blockscale_bpreshuffle_1x128x128_256x16x128x256_16x16_16x16_16x16x1_16x16x1_1x16x1x16_8_1x2_intrawave_v1,691.32,223.63,0.0
gfx950,256,16384,5120,5120,cktile,6,0,904.9859,a8w8_blockscale_cktile_32x128x128_1x4x1_16x16x64_intrawave_0x1x0_1,949.18,307.05,0.0
gfx950,256,16384,5120,5120,ck,7,0,1437.3892,a8w8_blockscale_bpreshuffle_1x128x128_256x16x64x256_16x16_16x16_16x16x1_16x16x1_1x16x1x16_4_1x1_intrawave_v1,597.61,193.32,0.0
gfx950,256,16384,5120,5120,cktile,7,0,896.9573,a8w8_blockscale_cktile_32x128x128_1x4x1_16x16x64_intrawave_0x1x0_2,957.67,309.79,0.0
gfx950,256,16384,5120,5120,ck,8,0,695.6725,a8w8_blockscale_bpreshuffle_1x128x128_256x32x256x128_16x16_16x16_8x32x1_8x32x1_1x32x1x8_8_2x1_intrawave_v1,1234.77,399.43,0.0
gfx950,256,16384,5120,5120,cktile,8,0,1423.5482,a8w8_blockscale_cktile_128x128x128_1x4x1_16x16x128_intrawave_0x1x0_1,603.42,195.2,0.0
gfx950,256,16384,5120,5120,ck,9,0,765.7628,a8w8_blockscale_bpreshuffle_1x128x128_256x32x128x128_16x16_16x16_8x32x1_8x32x1_1x32x1x8_8_2x1_intrawave_v1,1121.75,362.87,0.0
gfx950,256,16384,5120,5120,cktile,9,0,1423.564,a8w8_blockscale_cktile_128x128x128_1x4x1_16x16x128_intrawave_0x1x0_1,603.41,195.2,0.0
gfx950,256,16384,5120,5120,ck,10,0,916.5946,a8w8_blockscale_bpreshuffle_1x128x128_256x32x64x128_16x16_16x16_8x32x1_8x32x1_1x32x1x8_8_2x1_intrawave_v1,937.16,303.16,0.0
gfx950,256,16384,5120,5120,cktile,10,0,779.8784,a8w8_blockscale_cktile_128x128x128_2x2x1_16x16x128_intrawave_0x1x0_2,1101.45,356.3,0.0
gfx950,256,16384,5120,5120,ck,11,0,748.5733,a8w8_blockscale_bpreshuffle_1x128x128_256x32x128x256_16x16_16x16_16x16x1_16x16x1_1x32x1x8_8_2x1_intrawave_v1,1147.51,371.2,0.0
gfx950,256,16384,5120,5120,cktile,11,0,397.1762,a8w8_blockscale_cktile_192x256x128_4x2x1_16x16x128_intrawave_0x1x0_1,2162.75,699.62,0.0
gfx950,256,16384,5120,5120,ck,12,0,910.105,a8w8_blockscale_bpreshuffle_1x128x128_256x32x64x256_16x16_16x16_16x16x1_16x16x1_1x32x1x8_8_2x1_intrawave_v1,943.84,305.32,0.0
gfx950,256,16384,5120,5120,cktile,12,0,506.8081,a8w8_blockscale_cktile_192x256x128_4x2x1_16x16x128_intrawave_0x1x0_1_aqrm,1694.91,548.28,0.9324
gfx950,256,16384,5120,5120,ck,13,0,513.4243,a8w8_blockscale_bpreshuffle_1x128x128_256x64x256x128_16x16_16x16_8x32x1_8x32x1_1x32x1x8_8_2x1_intrawave_v1,1673.07,541.21,0.0
gfx950,256,16384,5120,5120,cktile,13,0,1291.3524,a8w8_blockscale_cktile_16x128x256_1x4x1_16x16x128_intrawave_0x1x0_3,665.19,215.18,0.0
gfx950,256,16384,5120,5120,ck,14,0,553.9696,a8w8_blockscale_bpreshuffle_1x128x128_256x64x128x128_16x16_16x16_8x32x1_8x32x1_1x32x1x8_8_2x1_intrawave_v1,1550.61,501.6,0.0
gfx950,256,16384,5120,5120,cktile,14,0,1820.5484,a8w8_blockscale_cktile_16x128x256_1x4x1_16x16x128_intrawave_0x1x0_4,471.83,152.63,0.0
gfx950,256,16384,5120,5120,ck,15,0,700.9668,a8w8_blockscale_bpreshuffle_1x128x128_256x64x64x128_16x16_16x16_8x32x1_8x32x1_1x32x1x8_8_2x1_intrawave_v1,1225.44,396.41,0.0
gfx950,256,16384,5120,5120,cktile,15,0,1271.3783,a8w8_blockscale_cktile_16x128x256_1x4x1_16x16x64_intrawave_0x1x0_3,675.64,218.56,0.0
gfx950,256,16384,5120,5120,ck,16,0,588.2618,a8w8_blockscale_bpreshuffle_1x128x128_256x64x128x256_16x16_16x16_16x16x1_16x16x1_1x32x1x8_8_2x1_intrawave_v1,1460.22,472.36,0.0
gfx950,256,16384,5120,5120,cktile,16,0,1228.28,a8w8_blockscale_cktile_16x128x256_1x4x1_16x16x64_intrawave_0x1x0_4,699.35,226.23,0.0
gfx950,256,16384,5120,5120,ck,17,0,755.1927,a8w8_blockscale_bpreshuffle_1x128x128_256x64x64x256_16x16_16x16_16x16x1_16x16x1_1x32x1x8_8_2x1_intrawave_v1,1137.45,367.95,0.0
gfx950,256,16384,5120,5120,cktile,17,0,850.3545,a8w8_blockscale_cktile_32x128x128_1x4x1_16x16x128_intrawave_0x1x0_3,1010.16,326.77,0.0
gfx950,256,16384,5120,5120,cktile,18,0,850.4973,a8w8_blockscale_cktile_32x128x128_1x4x1_16x16x128_intrawave_0x1x0_4,1009.99,326.72,0.0
gfx950,256,16384,5120,5120,cktile,19,0,897.5691,a8w8_blockscale_cktile_32x128x128_1x4x1_16x16x64_intrawave_0x1x0_3,957.02,309.58,0.0
gfx950,256,16384,5120,5120,cktile,20,0,897.7411,a8w8_blockscale_cktile_32x128x128_1x4x1_16x16x64_intrawave_0x1x0_4,956.84,309.52,0.0
gfx950,256,16384,5120,5120,cktile,21,0,1020.6998,a8w8_blockscale_cktile_128x128x128_1x4x1_16x16x128_intrawave_0x1x0_2,841.57,272.24,0.0
gfx950,256,16384,5120,5120,cktile,22,0,4479.6687,a8w8_blockscale_cktile_128x128x128_1x4x1_16x16x128_intrawave_0x1x0_3,191.75,62.03,0.0
gfx950,256,16384,5120,5120,cktile,23,0,6064.2087,a8w8_blockscale_cktile_128x128x128_1x4x1_16x16x128_intrawave_0x1x0_4,141.65,45.82,0.0
gfx950,256,16384,5120,5120,cktile,24,0,787.0874,a8w8_blockscale_cktile_128x128x128_2x2x1_16x16x128_intrawave_0x1x0_1,1091.36,353.04,0.0
gfx950,256,16384,5120,5120,cktile,25,0,3865.171,a8w8_blockscale_cktile_128x128x128_2x2x1_16x16x128_intrawave_0x1x0_3,222.24,71.89,0.0
gfx950,256,16384,5120,5120,cktile,26,0,6355.3836,a8w8_blockscale_cktile_128x128x128_2x2x1_16x16x128_intrawave_0x1x0_4,135.16,43.72,0.0
gfx950,256,16384,5120,5120,cktile,27,0,394.2687,a8w8_blockscale_cktile_192x256x128_4x2x1_16x16x128_intrawave_0x1x0_2,2178.7,704.78,0.0
gfx950,256,16384,5120,5120,cktile,28,0,394.9851,a8w8_blockscale_cktile_192x256x128_4x2x1_16x16x128_intrawave_0x1x0_3,2174.75,703.5,0.0
gfx950,256,16384,5120,5120,cktile,29,0,395.2513,a8w8_blockscale_cktile_192x256x128_4x2x1_16x16x128_intrawave_0x1x0_4,2173.28,703.03,0.0
gfx950,256,16384,5120,5120,cktile,30,0,508.9042,a8w8_blockscale_cktile_192x256x128_4x2x1_16x16x128_intrawave_0x1x0_2_aqrm,1687.93,546.02,0.9324
gfx950,256,16384,5120,5120,cktile,31,0,508.3002,a8w8_blockscale_cktile_192x256x128_4x2x1_16x16x128_intrawave_0x1x0_3_aqrm,1689.93,546.67,0.9324
gfx950,256,16384,5120,5120,cktile,32,0,506.7751,a8w8_blockscale_cktile_192x256x128_4x2x1_16x16x128_intrawave_0x1x0_4_aqrm,1695.02,548.32,0.9324
gfx950,256,16384,5120,17408,ck,0,0,1553.912,a8w8_blockscale_bpreshuffle_1x128x128_256x128x128x128_16x16_16x16_8x32x1_8x32x1_1x32x1x8_8_2x1_intrawave_v3,1879.5,348.87,0.0
gfx950,256,16384,5120,17408,cktile,0,0,4530.0844,a8w8_blockscale_cktile_16x128x256_1x4x1_16x16x128_intrawave_0x1x0_1,644.71,119.67,0.0
gfx950,256,16384,5120,17408,asm,0,1,5284.4995,_ZN5aiter42fp8gemm_bf16_blockscale_BpreShuffle_32x128E,552.67,102.59,0.0
gfx950,256,16384,5120,17408,ck,1,0,1838.4684,a8w8_blockscale_bpreshuffle_1x128x128_256x64x128x128_16x16_16x16_8x32x1_8x32x1_1x32x1x8_8_2x1_intrawave_v3,1588.59,294.87,0.0
gfx950,256,16384,5120,17408,cktile,1,0,4565.8976,a8w8_blockscale_cktile_16x128x256_1x4x1_16x16x128_intrawave_0x1x0_2,639.65,118.73,0.0
gfx950,256,16384,5120,17408,asm,1,1,3517.2182,_ZN5aiter42fp8gemm_bf16_blockscale_BpreShuffle_48x128E,830.37,154.13,0.0
gfx950,256,16384,5120,17408,ck,2,0,2355.4331,a8w8_blockscale_bpreshuffle_1x128x128_256x64x64x128_16x16_16x16_8x32x1_8x32x1_1x32x1x8_8_2x1_intrawave_v3,1239.93,230.15,0.0
gfx950,256,16384,5120,17408,cktile,2,0,4546.5589,a8w8_blockscale_cktile_16x128x256_1x4x1_16x16x64_intrawave_0x1x0_1,642.37,119.24,0.0
gfx950,256,16384,5120,17408,asm,2,1,2924.6696,_ZN5aiter42fp8gemm_bf16_blockscale_BpreShuffle_64x128E,998.6,185.36,0.0
gfx950,256,16384,5120,17408,ck,3,0,10024.3459,a8w8_blockscale_bpreshuffle_1x128x128_256x16x256x128_8x16_16x16_16x16x1_8x32x1_1x16x1x16_8_1x2_intrawave_v1,291.35,54.08,0.0
gfx950,256,16384,5120,17408,cktile,3,0,4413.8026,a8w8_blockscale_cktile_16x128x256_1x4x1_16x16x64_intrawave_0x1x0_2,661.69,122.82,0.0
gfx950,256,16384,5120,17408,asm,3,1,2668.2079,_ZN5aiter42fp8gemm_bf16_blockscale_BpreShuffle_80x128E,1094.58,203.18,0.0
gfx950,256,16384,5120,17408,ck,4,0,5342.3479,a8w8_blockscale_bpreshuffle_1x128x128_256x16x128x128_8x16_16x16_16x16x1_8x32x1_1x16x1x16_8_1x2_intrawave_v1,546.68,101.47,0.0
gfx950,256,16384,5120,17408,cktile,4,0,4189.2779,a8w8_blockscale_cktile_32x128x128_1x4x1_16x16x128_intrawave_0x1x0_1,697.16,129.41,0.0
gfx950,256,16384,5120,17408,asm,4,1,2342.5592,_ZN5aiter42fp8gemm_bf16_blockscale_BpreShuffle_96x128E,1246.75,231.42,0.0
gfx950,256,16384,5120,17408,ck,5,0,5209.9617,a8w8_blockscale_bpreshuffle_1x128x128_256x16x64x128_8x16_16x16_16x16x1_8x32x1_1x16x1x16_4_1x1_intrawave_v1,560.58,104.05,0.0
gfx950,256,16384,5120,17408,cktile,5,0,4212.6118,a8w8_blockscale_cktile_32x128x128_1x4x1_16x16x128_intrawave_0x1x0_2,693.29,128.69,0.0
gfx950,256,16384,5120,17408,asm,5,1,1899.9378,_ZN5aiter43fp8gemm_bf16_blockscale_BpreShuffle_128x128E,1537.2,285.33,0.0
gfx950,256,16384,5120,17408,ck,6,0,8465.2579,a8w8_blockscale_bpreshuffle_1x128x128_256x16x128x256_16x16_16x16_16x16x1_16x16x1_1x16x1x16_8_1x2_intrawave_v1,345.01,64.04,0.0
gfx950,256,16384,5120,17408,cktile,6,0,3057.26,a8w8_blockscale_cktile_32x128x128_1x4x1_16x16x64_intrawave_0x1x0_1,955.29,177.32,0.0
gfx950,256,16384,5120,17408,ck,7,0,4952.5063,a8w8_blockscale_bpreshuffle_1x128x128_256x16x64x256_16x16_16x16_16x16x1_16x16x1_1x16x1x16_4_1x1_intrawave_v1,589.72,109.46,0.0
gfx950,256,16384,5120,17408,cktile,7,0,3019.6039,a8w8_blockscale_cktile_32x128x128_1x4x1_16x16x64_intrawave_0x1x0_2,967.21,179.53,0.0
gfx950,256,16384,5120,17408,ck,8,0,4637.3437,a8w8_blockscale_bpreshuffle_1x128x128_256x32x256x128_16x16_16x16_8x32x1_8x32x1_1x32x1x8_8_2x1_intrawave_v1,629.8,116.9,0.0
gfx950,256,16384,5120,17408,cktile,8,0,4819.4792,a8w8_blockscale_cktile_128x128x128_1x4x1_16x16x128_intrawave_0x1x0_1,605.99,112.48,0.0
gfx950,256,16384,5120,17408,ck,9,0,2554.3029,a8w8_blockscale_bpreshuffle_1x128x128_256x32x128x128_16x16_16x16_8x32x1_8x32x1_1x32x1x8_8_2x1_intrawave_v1,1143.4,212.24,0.0
gfx950,256,16384,5120,17408,cktile,9,0,4819.3286,a8w8_blockscale_cktile_128x128x128_1x4x1_16x16x128_intrawave_0x1x0_1,606.01,112.49,0.0
gfx950,256,16384,5120,17408,ck,10,0,3121.709,a8w8_blockscale_bpreshuffle_1x128x128_256x32x64x128_16x16_16x16_8x32x1_8x32x1_1x32x1x8_8_2x1_intrawave_v1,935.57,173.66,0.0
gfx950,256,16384,5120,17408,cktile,10,0,2741.6195,a8w8_blockscale_cktile_128x128x128_2x2x1_16x16x128_intrawave_0x1x0_2,1065.27,197.73,0.0
gfx950,256,16384,5120,17408,ck,11,0,2786.5315,a8w8_blockscale_bpreshuffle_1x128x128_256x32x128x256_16x16_16x16_16x16x1_16x16x1_1x32x1x8_8_2x1_intrawave_v1,1048.11,194.55,0.0
gfx950,256,16384,5120,17408,cktile,11,0,1245.7272,a8w8_blockscale_cktile_192x256x128_4x2x1_16x16x128_intrawave_0x1x0_1,2344.48,435.18,0.0
gfx950,256,16384,5120,17408,ck,12,0,3101.546,a8w8_blockscale_bpreshuffle_1x128x128_256x32x64x256_16x16_16x16_16x16x1_16x16x1_1x32x1x8_8_2x1_intrawave_v1,941.65,174.79,0.0
gfx950,256,16384,5120,17408,cktile,12,0,1588.0564,a8w8_blockscale_cktile_192x256x128_4x2x1_16x16x128_intrawave_0x1x0_1_aqrm,1839.09,341.37,0.9067
gfx950,256,16384,5120,17408,ck,13,0,1657.6874,a8w8_blockscale_bpreshuffle_1x128x128_256x64x256x128_16x16_16x16_8x32x1_8x32x1_1x32x1x8_8_2x1_intrawave_v1,1761.84,327.03,0.0
gfx950,256,16384,5120,17408,cktile,13,0,4566.775,a8w8_blockscale_cktile_16x128x256_1x4x1_16x16x128_intrawave_0x1x0_3,639.53,118.71,0.0
gfx950,256,16384,5120,17408,ck,14,0,1758.8452,a8w8_blockscale_bpreshuffle_1x128x128_256x64x128x128_16x16_16x16_8x32x1_8x32x1_1x32x1x8_8_2x1_intrawave_v1,1660.51,308.22,0.0
gfx950,256,16384,5120,17408,cktile,14,0,9723.5666,a8w8_blockscale_cktile_16x128x256_1x4x1_16x16x128_intrawave_0x1x0_4,300.36,55.75,0.0
gfx950,256,16384,5120,17408,ck,15,0,2303.5242,a8w8_blockscale_bpreshuffle_1x128x128_256x64x64x128_16x16_16x16_8x32x1_8x32x1_1x32x1x8_8_2x1_intrawave_v1,1267.87,235.34,0.0
gfx950,256,16384,5120,17408,cktile,15,0,4416.3042,a8w8_blockscale_cktile_16x128x256_1x4x1_16x16x64_intrawave_0x1x0_3,661.32,122.75,0.0
gfx950,256,16384,5120,17408,ck,16,0,2139.4262,a8w8_blockscale_bpreshuffle_1x128x128_256x64x128x256_16x16_16x16_16x16x1_16x16x1_1x32x1x8_8_2x1_intrawave_v1,1365.12,253.39,0.0
gfx950,256,16384,5120,17408,cktile,16,0,4406.781,a8w8_blockscale_cktile_16x128x256_1x4x1_16x16x64_intrawave_0x1x0_4,662.75,123.02,0.0
gfx950,256,16384,5120,17408,ck,17,0,2398.089,a8w8_blockscale_bpreshuffle_1x128x128_256x64x64x256_16x16_16x16_16x16x1_16x16x1_1x32x1x8_8_2x1_intrawave_v1,1217.88,226.06,0.0
gfx950,256,16384,5120,17408,cktile,17,0,4219.1977,a8w8_blockscale_cktile_32x128x128_1x4x1_16x16x128_intrawave_0x1x0_3,692.21,128.49,0.0
gfx950,256,16384,5120,17408,cktile,18,0,4219.8604,a8w8_blockscale_cktile_32x128x128_1x4x1_16x16x128_intrawave_0x1x0_4,692.1,128.47,0.0
gfx950,256,16384,5120,17408,cktile,19,0,3023.705,a8w8_blockscale_cktile_32x128x128_1x4x1_16x16x64_intrawave_0x1x0_3,965.89,179.29,0.0
gfx950,256,16384,5120,17408,cktile,20,0,3019.6717,a8w8_blockscale_cktile_32x128x128_1x4x1_16x16x64_intrawave_0x1x0_4,967.18,179.53,0.0
gfx950,256,16384,5120,17408,cktile,21,0,3508.2214,a8w8_blockscale_cktile_128x128x128_1x4x1_16x16x128_intrawave_0x1x0_2,832.5,154.53,0.0
gfx950,256,16384,5120,17408,cktile,22,0,15498.3834,a8w8_blockscale_cktile_128x128x128_1x4x1_16x16x128_intrawave_0x1x0_3,188.44,34.98,0.0
gfx950,256,16384,5120,17408,cktile,23,0,21402.3511,a8w8_blockscale_cktile_128x128x128_1x4x1_16x16x128_intrawave_0x1x0_4,136.46,25.33,0.0
gfx950,256,16384,5120,17408,cktile,24,0,2764.8218,a8w8_blockscale_cktile_128x128x128_2x2x1_16x16x128_intrawave_0x1x0_1,1056.33,196.08,0.0
gfx950,256,16384,5120,17408,cktile,25,0,13306.0457,a8w8_blockscale_cktile_128x128x128_2x2x1_16x16x128_intrawave_0x1x0_3,219.49,40.74,0.0
gfx950,256,16384,5120,17408,cktile,26,0,22495.2487,a8w8_blockscale_cktile_128x128x128_2x2x1_16x16x128_intrawave_0x1x0_4,129.83,24.1,0.0
gfx950,256,16384,5120,17408,cktile,27,0,1242.3169,a8w8_blockscale_cktile_192x256x128_4x2x1_16x16x128_intrawave_0x1x0_2,2350.91,436.37,0.0
gfx950,256,16384,5120,17408,cktile,28,0,1245.3209,a8w8_blockscale_cktile_192x256x128_4x2x1_16x16x128_intrawave_0x1x0_3,2345.24,435.32,0.0
gfx950,256,16384,5120,17408,cktile,29,0,1244.3022,a8w8_blockscale_cktile_192x256x128_4x2x1_16x16x128_intrawave_0x1x0_4,2347.16,435.68,0.0
gfx950,256,16384,5120,17408,cktile,30,0,1585.8372,a8w8_blockscale_cktile_192x256x128_4x2x1_16x16x128_intrawave_0x1x0_2_aqrm,1841.66,341.85,0.9067
gfx950,256,16384,5120,17408,cktile,31,0,1587.9166,a8w8_blockscale_cktile_192x256x128_4x2x1_16x16x128_intrawave_0x1x0_3_aqrm,1839.25,341.4,0.9067
gfx950,256,16384,5120,17408,cktile,32,0,1588.9713,a8w8_blockscale_cktile_192x256x128_4x2x1_16x16x128_intrawave_0x1x0_4_aqrm,1838.03,341.17,0.9067
gfx950,256,16384,7168,5120,ck,0,0,689.1135,a8w8_blockscale_bpreshuffle_1x128x128_256x128x128x128_16x16_16x16_8x32x1_8x32x1_1x32x1x8_8_2x1_intrawave_v3,1745.13,515.83,0.0
gfx950,256,16384,7168,5120,cktile,0,0,1853.7624,a8w8_blockscale_cktile_16x128x256_1x4x1_16x16x128_intrawave_0x1x0_1,648.73,191.75,0.0
gfx950,256,16384,7168,5120,asm,0,1,1918.3464,_ZN5aiter42fp8gemm_bf16_blockscale_BpreShuffle_32x128E,626.89,185.3,0.0
gfx950,256,16384,7168,5120,ck,1,0,766.2845,a8w8_blockscale_bpreshuffle_1x128x128_256x64x128x128_16x16_16x16_8x32x1_8x32x1_1x32x1x8_8_2x1_intrawave_v3,1569.38,463.88,0.0
gfx950,256,16384,7168,5120,cktile,1,0,1879.2187,a8w8_blockscale_cktile_16x128x256_1x4x1_16x16x128_intrawave_0x1x0_2,639.94,189.16,0.0
gfx950,256,16384,7168,5120,asm,1,1,1348.2598,_ZN5aiter42fp8gemm_bf16_blockscale_BpreShuffle_48x128E,891.96,263.65,0.0
gfx950,256,16384,7168,5120,ck,2,0,983.4289,a8w8_blockscale_bpreshuffle_1x128x128_256x64x64x128_16x16_16x16_8x32x1_8x32x1_1x32x1x8_8_2x1_intrawave_v3,1222.85,361.46,0.0
gfx950,256,16384,7168,5120,cktile,2,0,1872.0029,a8w8_blockscale_cktile_16x128x256_1x4x1_16x16x64_intrawave_0x1x0_1,642.41,189.89,0.0
gfx950,256,16384,7168,5120,asm,2,1,1095.9294,_ZN5aiter42fp8gemm_bf16_blockscale_BpreShuffle_64x128E,1097.33,324.35,0.0
gfx950,256,16384,7168,5120,ck,3,0,2533.3932,a8w8_blockscale_bpreshuffle_1x128x128_256x16x256x128_8x16_16x16_16x16x1_8x32x1_1x16x1x16_8_1x2_intrawave_v1,474.7,140.31,0.0
gfx950,256,16384,7168,5120,cktile,3,0,1841.0028,a8w8_blockscale_cktile_16x128x256_1x4x1_16x16x64_intrawave_0x1x0_2,653.23,193.08,0.0
gfx950,256,16384,7168,5120,asm,3,1,969.9596,_ZN5aiter42fp8gemm_bf16_blockscale_BpreShuffle_80x128E,1239.84,366.48,0.0
gfx950,256,16384,7168,5120,ck,4,0,1838.8305,a8w8_blockscale_bpreshuffle_1x128x128_256x16x128x128_8x16_16x16_16x16x1_8x32x1_1x16x1x16_8_1x2_intrawave_v1,654.0,193.31,0.0
gfx950,256,16384,7168,5120,cktile,4,0,1290.2938,a8w8_blockscale_cktile_32x128x128_1x4x1_16x16x128_intrawave_0x1x0_1,932.03,275.49,0.0
gfx950,256,16384,7168,5120,asm,4,1,912.5672,_ZN5aiter42fp8gemm_bf16_blockscale_BpreShuffle_96x128E,1317.81,389.52,0.0
gfx950,256,16384,7168,5120,ck,5,0,2110.4309,a8w8_blockscale_bpreshuffle_1x128x128_256x16x64x128_8x16_16x16_16x16x1_8x32x1_1x16x1x16_4_1x1_intrawave_v1,569.83,168.43,0.0
gfx950,256,16384,7168,5120,cktile,5,0,1199.7176,a8w8_blockscale_cktile_32x128x128_1x4x1_16x16x128_intrawave_0x1x0_2,1002.39,296.29,0.0
gfx950,256,16384,7168,5120,asm,5,1,851.6164,_ZN5aiter43fp8gemm_bf16_blockscale_BpreShuffle_128x128E,1412.13,417.4,0.0
gfx950,256,16384,7168,5120,ck,6,0,1718.4762,a8w8_blockscale_bpreshuffle_1x128x128_256x16x128x256_16x16_16x16_16x16x1_16x16x1_1x16x1x16_8_1x2_intrawave_v1,699.8,206.85,0.0
gfx950,256,16384,7168,5120,cktile,6,0,1274.4215,a8w8_blockscale_cktile_32x128x128_1x4x1_16x16x64_intrawave_0x1x0_1,943.64,278.92,0.0
gfx950,256,16384,7168,5120,ck,7,0,1989.0238,a8w8_blockscale_bpreshuffle_1x128x128_256x16x64x256_16x16_16x16_16x16x1_16x16x1_1x16x1x16_4_1x1_intrawave_v1,604.61,178.71,0.0
gfx950,256,16384,7168,5120,cktile,7,0,1264.2744,a8w8_blockscale_cktile_32x128x128_1x4x1_16x16x64_intrawave_0x1x0_2,951.21,281.16,0.0
gfx950,256,16384,7168,5120,ck,8,0,970.3886,a8w8_blockscale_bpreshuffle_1x128x128_256x32x256x128_16x16_16x16_8x32x1_8x32x1_1x32x1x8_8_2x1_intrawave_v1,1239.29,366.31,0.0
gfx950,256,16384,7168,5120,cktile,8,0,1977.2259,a8w8_blockscale_cktile_128x128x128_1x4x1_16x16x128_intrawave_0x1x0_1,608.22,179.78,0.0
gfx950,256,16384,7168,5120,ck,9,0,1048.3213,a8w8_blockscale_bpreshuffle_1x128x128_256x32x128x128_16x16_16x16_8x32x1_8x32x1_1x32x1x8_8_2x1_intrawave_v1,1147.16,339.08,0.0
gfx950,256,16384,7168,5120,cktile,9,0,1977.7847,a8w8_blockscale_cktile_128x128x128_1x4x1_16x16x128_intrawave_0x1x0_1,608.05,179.73,0.0
gfx950,256,16384,7168,5120,ck,10,0,1271.5644,a8w8_blockscale_bpreshuffle_1x128x128_256x32x64x128_16x16_16x16_8x32x1_8x32x1_1x32x1x8_8_2x1_intrawave_v1,945.76,279.55,0.0
gfx950,256,16384,7168,5120,cktile,10,0,1076.805,a8w8_blockscale_cktile_128x128x128_2x2x1_16x16x128_intrawave_0x1x0_2,1116.81,330.11,0.0
gfx950,256,16384,7168,5120,ck,11,0,1037.2122,a8w8_blockscale_bpreshuffle_1x128x128_256x32x128x256_16x16_16x16_16x16x1_16x16x1_1x32x1x8_8_2x1_intrawave_v1,1159.45,342.71,0.0
gfx950,256,16384,7168,5120,cktile,11,0,526.1534,a8w8_blockscale_cktile_192x256x128_4x2x1_16x16x128_intrawave_0x1x0_1,2285.63,675.6,0.0
gfx950,256,16384,7168,5120,ck,12,0,1262.7013,a8w8_blockscale_bpreshuffle_1x128x128_256x32x64x256_16x16_16x16_16x16x1_16x16x1_1x32x1x8_8_2x1_intrawave_v1,952.4,281.51,0.0
gfx950,256,16384,7168,5120,cktile,12,0,659.8674,a8w8_blockscale_cktile_192x256x128_4x2x1_16x16x128_intrawave_0x1x0_1_aqrm,1822.47,538.69,0.9317
gfx950,256,16384,7168,5120,ck,13,0,690.6917,a8w8_blockscale_bpreshuffle_1x128x128_256x64x256x128_16x16_16x16_8x32x1_8x32x1_1x32x1x8_8_2x1_intrawave_v1,1741.14,514.65,0.0
gfx950,256,16384,7168,5120,cktile,13,0,1878.6225,a8w8_blockscale_cktile_16x128x256_1x4x1_16x16x128_intrawave_0x1x0_3,640.15,189.22,0.0
gfx950,256,16384,7168,5120,ck,14,0,763.5467,a8w8_blockscale_bpreshuffle_1x128x128_256x64x128x128_16x16_16x16_8x32x1_8x32x1_1x32x1x8_8_2x1_intrawave_v1,1575.01,465.55,0.0
gfx950,256,16384,7168,5120,cktile,14,0,2625.6699,a8w8_blockscale_cktile_16x128x256_1x4x1_16x16x128_intrawave_0x1x0_4,458.01,135.38,0.0
gfx950,256,16384,7168,5120,ck,15,0,976.783,a8w8_blockscale_bpreshuffle_1x128x128_256x64x64x128_16x16_16x16_8x32x1_8x32x1_1x32x1x8_8_2x1_intrawave_v1,1231.18,363.92,0.0
gfx950,256,16384,7168,5120,cktile,15,0,1840.2592,a8w8_blockscale_cktile_16x128x256_1x4x1_16x16x64_intrawave_0x1x0_3,653.49,193.16,0.0
gfx950,256,16384,7168,5120,ck,16,0,807.237,a8w8_blockscale_bpreshuffle_1x128x128_256x64x128x256_16x16_16x16_16x16x1_16x16x1_1x32x1x8_8_2x1_intrawave_v1,1489.76,440.35,0.0
gfx950,256,16384,7168,5120,cktile,16,0,1771.0709,a8w8_blockscale_cktile_16x128x256_1x4x1_16x16x64_intrawave_0x1x0_4,679.02,200.71,0.0
gfx950,256,16384,7168,5120,ck,17,0,1042.7177,a8w8_blockscale_bpreshuffle_1x128x128_256x64x64x256_16x16_16x16_16x16x1_16x16x1_1x32x1x8_8_2x1_intrawave_v1,1153.32,340.9,0.0
gfx950,256,16384,7168,5120,cktile,17,0,1201.2845,a8w8_blockscale_cktile_32x128x128_1x4x1_16x16x128_intrawave_0x1x0_3,1001.09,295.91,0.0
gfx950,256,16384,7168,5120,cktile,18,0,1201.6894,a8w8_blockscale_cktile_32x128x128_1x4x1_16x16x128_intrawave_0x1x0_4,1000.75,295.81,0.0
gfx950,256,16384,7168,5120,cktile,19,0,1263.181,a8w8_blockscale_cktile_32x128x128_1x4x1_16x16x64_intrawave_0x1x0_3,952.03,281.41,0.0
gfx950,256,16384,7168,5120,cktile,20,0,1263.4779,a8w8_blockscale_cktile_32x128x128_1x4x1_16x16x64_intrawave_0x1x0_4,951.81,281.34,0.0
gfx950,256,16384,7168,5120,cktile,21,0,1406.1567,a8w8_blockscale_cktile_128x128x128_1x4x1_16x16x128_intrawave_0x1x0_2,855.23,252.79,0.0
gfx950,256,16384,7168,5120,cktile,22,0,6203.4709,a8w8_blockscale_cktile_128x128x128_1x4x1_16x16x128_intrawave_0x1x0_3,193.86,57.3,0.0
gfx950,256,16384,7168,5120,cktile,23,0,8391.0761,a8w8_blockscale_cktile_128x128x128_1x4x1_16x16x128_intrawave_0x1x0_4,143.32,42.36,0.0
gfx950,256,16384,7168,5120,cktile,24,0,1086.9645,a8w8_blockscale_cktile_128x128x128_2x2x1_16x16x128_intrawave_0x1x0_1,1106.38,327.03,0.0
gfx950,256,16384,7168,5120,cktile,25,0,5348.8496,a8w8_blockscale_cktile_128x128x128_2x2x1_16x16x128_intrawave_0x1x0_3,224.83,66.46,0.0
gfx950,256,16384,7168,5120,cktile,26,0,8794.6469,a8w8_blockscale_cktile_128x128x128_2x2x1_16x16x128_intrawave_0x1x0_4,136.74,40.42,0.0
gfx950,256,16384,7168,5120,cktile,27,0,529.0371,a8w8_blockscale_cktile_192x256x128_4x2x1_16x16x128_intrawave_0x1x0_2,2273.17,671.91,0.0
gfx950,256,16384,7168,5120,cktile,28,0,530.1348,a8w8_blockscale_cktile_192x256x128_4x2x1_16x16x128_intrawave_0x1x0_3,2268.46,670.52,0.0
gfx950,256,16384,7168,5120,cktile,29,0,525.88,a8w8_blockscale_cktile_192x256x128_4x2x1_16x16x128_intrawave_0x1x0_4,2286.82,675.95,0.0
gfx950,256,16384,7168,5120,cktile,30,0,661.5149,a8w8_blockscale_cktile_192x256x128_4x2x1_16x16x128_intrawave_0x1x0_2_aqrm,1817.93,537.35,0.9317
gfx950,256,16384,7168,5120,cktile,31,0,660.0872,a8w8_blockscale_cktile_192x256x128_4x2x1_16x16x128_intrawave_0x1x0_3_aqrm,1821.87,538.52,0.9317
gfx950,256,16384,7168,5120,cktile,32,0,658.2793,a8w8_blockscale_cktile_192x256x128_4x2x1_16x16x128_intrawave_0x1x0_4_aqrm,1826.87,539.99,0.9317
gfx950,256,16384,34816,5120,ck,0,0,3374.5397,a8w8_blockscale_bpreshuffle_1x128x128_256x128x128x128_16x16_16x16_8x32x1_8x32x1_1x32x1x8_8_2x1_intrawave_v3,1730.95,415.76,0.0
gfx950,256,16384,34816,5120,cktile,0,0,24609.7168,a8w8_blockscale_cktile_16x128x256_1x4x1_16x16x128_intrawave_0x1x0_1,237.35,57.01,0.0
gfx950,256,16384,34816,5120,asm,0,1,12485.0809,_ZN5aiter42fp8gemm_bf16_blockscale_BpreShuffle_32x128E,467.85,112.37,0.0
gfx950,256,16384,34816,5120,ck,1,0,3768.6713,a8w8_blockscale_bpreshuffle_1x128x128_256x64x128x128_16x16_16x16_8x32x1_8x32x1_1x32x1x8_8_2x1_intrawave_v3,1549.92,372.28,0.0
gfx950,256,16384,34816,5120,cktile,1,0,24460.1314,a8w8_blockscale_cktile_16x128x256_1x4x1_16x16x128_intrawave_0x1x0_2,238.8,57.36,0.0
gfx950,256,16384,34816,5120,asm,1,1,8637.6152,_ZN5aiter42fp8gemm_bf16_blockscale_BpreShuffle_48x128E,676.25,162.43,0.0
gfx950,256,16384,34816,5120,ck,2,0,4896.0062,a8w8_blockscale_bpreshuffle_1x128x128_256x64x64x128_16x16_16x16_8x32x1_8x32x1_1x32x1x8_8_2x1_intrawave_v3,1193.04,286.56,0.0
gfx950,256,16384,34816,5120,cktile,2,0,24658.6038,a8w8_blockscale_cktile_16x128x256_1x4x1_16x16x64_intrawave_0x1x0_1,236.88,56.9,0.0
gfx950,256,16384,34816,5120,asm,2,1,6737.7889,_ZN5aiter42fp8gemm_bf16_blockscale_BpreShuffle_64x128E,866.92,208.23,0.0
gfx950,256,16384,34816,5120,ck,3,0,9726.8539,a8w8_blockscale_bpreshuffle_1x128x128_256x16x256x128_8x16_16x16_16x16x1_8x32x1_1x16x1x16_8_1x2_intrawave_v1,600.52,144.24,0.0
gfx950,256,16384,34816,5120,cktile,3,0,24487.4318,a8w8_blockscale_cktile_16x128x256_1x4x1_16x16x64_intrawave_0x1x0_2,238.54,57.29,0.0
gfx950,256,16384,34816,5120,asm,3,1,5648.0981,_ZN5aiter42fp8gemm_bf16_blockscale_BpreShuffle_80x128E,1034.18,248.4,0.0
gfx950,256,16384,34816,5120,ck,4,0,8641.8834,a8w8_blockscale_bpreshuffle_1x128x128_256x16x128x128_8x16_16x16_16x16x1_8x32x1_1x16x1x16_8_1x2_intrawave_v1,675.91,162.35,0.0
gfx950,256,16384,34816,5120,cktile,4,0,11777.1327,a8w8_blockscale_cktile_32x128x128_1x4x1_16x16x128_intrawave_0x1x0_1,495.97,119.13,0.0
gfx950,256,16384,34816,5120,asm,4,1,4955.406,_ZN5aiter42fp8gemm_bf16_blockscale_BpreShuffle_96x128E,1178.74,283.12,0.0
gfx950,256,16384,34816,5120,ck,5,0,9927.5981,a8w8_blockscale_bpreshuffle_1x128x128_256x16x64x128_8x16_16x16_16x16x1_8x32x1_1x16x1x16_4_1x1_intrawave_v1,588.38,141.32,0.0
gfx950,256,16384,34816,5120,cktile,5,0,11891.6548,a8w8_blockscale_cktile_32x128x128_1x4x1_16x16x128_intrawave_0x1x0_2,491.2,117.98,0.0
gfx950,256,16384,34816,5120,asm,5,1,4225.3172,_ZN5aiter43fp8gemm_bf16_blockscale_BpreShuffle_128x128E,1382.42,332.04,0.0
gfx950,256,16384,34816,5120,ck,6,0,8163.8859,a8w8_blockscale_bpreshuffle_1x128x128_256x16x128x256_16x16_16x16_16x16x1_16x16x1_1x16x1x16_8_1x2_intrawave_v1,715.49,171.85,0.0
gfx950,256,16384,34816,5120,cktile,6,0,11862.2229,a8w8_blockscale_cktile_32x128x128_1x4x1_16x16x64_intrawave_0x1x0_1,492.42,118.27,0.0
gfx950,256,16384,34816,5120,ck,7,0,9433.5477,a8w8_blockscale_bpreshuffle_1x128x128_256x16x64x256_16x16_16x16_16x16x1_16x16x1_1x16x1x16_4_1x1_intrawave_v1,619.19,148.72,0.0
gfx950,256,16384,34816,5120,cktile,7,0,11984.047,a8w8_blockscale_cktile_32x128x128_1x4x1_16x16x64_intrawave_0x1x0_2,487.41,117.07,0.0
gfx950,256,16384,34816,5120,ck,8,0,4838.0772,a8w8_blockscale_bpreshuffle_1x128x128_256x32x256x128_16x16_16x16_8x32x1_8x32x1_1x32x1x8_8_2x1_intrawave_v1,1207.33,289.99,0.0
gfx950,256,16384,34816,5120,cktile,8,0,9612.3629,a8w8_blockscale_cktile_128x128x128_1x4x1_16x16x128_intrawave_0x1x0_1,607.67,145.96,0.0
gfx950,256,16384,34816,5120,ck,9,0,4985.8108,a8w8_blockscale_bpreshuffle_1x128x128_256x32x128x128_16x16_16x16_8x32x1_8x32x1_1x32x1x8_8_2x1_intrawave_v1,1171.56,281.4,0.0
gfx950,256,16384,34816,5120,cktile,9,0,9610.5306,a8w8_blockscale_cktile_128x128x128_1x4x1_16x16x128_intrawave_0x1x0_1,607.79,145.99,0.0
gfx950,256,16384,34816,5120,ck,10,0,6072.8434,a8w8_blockscale_bpreshuffle_1x128x128_256x32x64x128_16x16_16x16_8x32x1_8x32x1_1x32x1x8_8_2x1_intrawave_v1,961.85,231.03,0.0
gfx950,256,16384,34816,5120,cktile,10,0,5414.2352,a8w8_blockscale_cktile_128x128x128_2x2x1_16x16x128_intrawave_0x1x0_2,1078.85,259.13,0.0
gfx950,256,16384,34816,5120,ck,11,0,4994.1838,a8w8_blockscale_bpreshuffle_1x128x128_256x32x128x256_16x16_16x16_16x16x1_16x16x1_1x32x1x8_8_2x1_intrawave_v1,1169.59,280.93,0.0
gfx950,256,16384,34816,5120,cktile,11,0,2658.4613,a8w8_blockscale_cktile_192x256x128_4x2x1_16x16x128_intrawave_0x1x0_1,2197.19,527.75,0.0
gfx950,256,16384,34816,5120,ck,12,0,6106.0147,a8w8_blockscale_bpreshuffle_1x128x128_256x32x64x256_16x16_16x16_16x16x1_16x16x1_1x32x1x8_8_2x1_intrawave_v1,956.62,229.77,0.0
gfx950,256,16384,34816,5120,cktile,12,0,3273.687,a8w8_blockscale_cktile_192x256x128_4x2x1_16x16x128_intrawave_0x1x0_1_aqrm,1784.27,428.57,0.9323
gfx950,256,16384,34816,5120,ck,13,0,3382.9235,a8w8_blockscale_bpreshuffle_1x128x128_256x64x256x128_16x16_16x16_8x32x1_8x32x1_1x32x1x8_8_2x1_intrawave_v1,1726.66,414.73,0.0
gfx950,256,16384,34816,5120,cktile,13,0,24492.9978,a8w8_blockscale_cktile_16x128x256_1x4x1_16x16x128_intrawave_0x1x0_3,238.48,57.28,0.0
gfx950,256,16384,34816,5120,ck,14,0,3791.3881,a8w8_blockscale_bpreshuffle_1x128x128_256x64x128x128_16x16_16x16_8x32x1_8x32x1_1x32x1x8_8_2x1_intrawave_v1,1540.64,370.05,0.0
gfx950,256,16384,34816,5120,cktile,14,0,29987.4101,a8w8_blockscale_cktile_16x128x256_1x4x1_16x16x128_intrawave_0x1x0_4,194.79,46.79,0.0
gfx950,256,16384,34816,5120,ck,15,0,4879.4211,a8w8_blockscale_bpreshuffle_1x128x128_256x64x64x128_16x16_16x16_8x32x1_8x32x1_1x32x1x8_8_2x1_intrawave_v1,1197.1,287.53,0.0
gfx950,256,16384,34816,5120,cktile,15,0,24487.6606,a8w8_blockscale_cktile_16x128x256_1x4x1_16x16x64_intrawave_0x1x0_3,238.53,57.29,0.0
gfx950,256,16384,34816,5120,ck,16,0,3989.9388,a8w8_blockscale_bpreshuffle_1x128x128_256x64x128x256_16x16_16x16_16x16x1_16x16x1_1x32x1x8_8_2x1_intrawave_v1,1463.97,351.63,0.0
gfx950,256,16384,34816,5120,cktile,16,0,24222.7266,a8w8_blockscale_cktile_16x128x256_1x4x1_16x16x64_intrawave_0x1x0_4,241.14,57.92,0.0
gfx950,256,16384,34816,5120,ck,17,0,5376.2485,a8w8_blockscale_bpreshuffle_1x128x128_256x64x64x256_16x16_16x16_16x16x1_16x16x1_1x32x1x8_8_2x1_intrawave_v1,1086.47,260.96,0.0
gfx950,256,16384,34816,5120,cktile,17,0,11887.4496,a8w8_blockscale_cktile_32x128x128_1x4x1_16x16x128_intrawave_0x1x0_3,491.37,118.02,0.0
gfx950,256,16384,34816,5120,cktile,18,0,11889.9088,a8w8_blockscale_cktile_32x128x128_1x4x1_16x16x128_intrawave_0x1x0_4,491.27,118.0,0.0
gfx950,256,16384,34816,5120,cktile,19,0,11977.0846,a8w8_blockscale_cktile_32x128x128_1x4x1_16x16x64_intrawave_0x1x0_3,487.69,117.14,0.0
gfx950,256,16384,34816,5120,cktile,20,0,11982.2921,a8w8_blockscale_cktile_32x128x128_1x4x1_16x16x64_intrawave_0x1x0_4,487.48,117.09,0.0
gfx950,256,16384,34816,5120,cktile,21,0,6662.1813,a8w8_blockscale_cktile_128x128x128_1x4x1_16x16x128_intrawave_0x1x0_2,876.76,210.59,0.0
gfx950,256,16384,34816,5120,cktile,22,0,30769.656,a8w8_blockscale_cktile_128x128x128_1x4x1_16x16x128_intrawave_0x1x0_3,189.83,45.6,0.0
gfx950,256,16384,34816,5120,cktile,23,0,47870.4175,a8w8_blockscale_cktile_128x128x128_1x4x1_16x16x128_intrawave_0x1x0_4,122.02,29.31,0.0
gfx950,256,16384,34816,5120,cktile,24,0,5466.2364,a8w8_blockscale_cktile_128x128x128_2x2x1_16x16x128_intrawave_0x1x0_1,1068.59,256.67,0.0
gfx950,256,16384,34816,5120,cktile,25,0,26030.8907,a8w8_blockscale_cktile_128x128x128_2x2x1_16x16x128_intrawave_0x1x0_3,224.39,53.9,0.0
gfx950,256,16384,34816,5120,cktile,26,0,51598.9177,a8w8_blockscale_cktile_128x128x128_2x2x1_16x16x128_intrawave_0x1x0_4,113.2,27.19,0.0
gfx950,256,16384,34816,5120,cktile,27,0,2646.0296,a8w8_blockscale_cktile_192x256x128_4x2x1_16x16x128_intrawave_0x1x0_2,2207.52,530.23,0.0
gfx950,256,16384,34816,5120,cktile,28,0,2634.3799,a8w8_blockscale_cktile_192x256x128_4x2x1_16x16x128_intrawave_0x1x0_3,2217.28,532.57,0.0
gfx950,256,16384,34816,5120,cktile,29,0,2649.7428,a8w8_blockscale_cktile_192x256x128_4x2x1_16x16x128_intrawave_0x1x0_4,2204.42,529.48,0.0
gfx950,256,16384,34816,5120,cktile,30,0,3278.6314,a8w8_blockscale_cktile_192x256x128_4x2x1_16x16x128_intrawave_0x1x0_2_aqrm,1781.58,427.92,0.9323
gfx950,256,16384,34816,5120,cktile,31,0,3273.3434,a8w8_blockscale_cktile_192x256x128_4x2x1_16x16x128_intrawave_0x1x0_3_aqrm,1784.46,428.61,0.9323
gfx950,256,16384,34816,5120,cktile,32,0,3281.6019,a8w8_blockscale_cktile_192x256x128_4x2x1_16x16x128_intrawave_0x1x0_4_aqrm,1779.97,427.53,0.9323
